<?xml version="1.0" encoding="utf-8"?>
<COLLADA xmlns="http://www.collada.org/2005/11/COLLADASchema" version="1.4.1">
  <asset>
    <contributor>
      <author>Blender User</author>
      <authoring_tool>Blender 2.78.0 commit date:2017-02-24, commit time:14:33, hash:e92f235283</authoring_tool>
    </contributor>
    <created>2020-12-02T14:39:30</created>
    <modified>2020-12-02T14:39:30</modified>
    <unit name="meter" meter="1"/>
    <up_axis>Z_UP</up_axis>
  </asset>
  <library_lights>
    <light id="Lamp-light" name="Lamp">
      <technique_common>
        <point>
          <color sid="color">1 1 1</color>
          <constant_attenuation>1</constant_attenuation>
          <linear_attenuation>0</linear_attenuation>
          <quadratic_attenuation>0.00111109</quadratic_attenuation>
        </point>
      </technique_common>
      <extra>
        <technique profile="blender">
          <adapt_thresh>0.000999987</adapt_thresh>
          <area_shape>1</area_shape>
          <area_size>0.1</area_size>
          <area_sizey>0.1</area_sizey>
          <area_sizez>1</area_sizez>
          <atm_distance_factor>1</atm_distance_factor>
          <atm_extinction_factor>1</atm_extinction_factor>
          <atm_turbidity>2</atm_turbidity>
          <att1>0</att1>
          <att2>1</att2>
          <backscattered_light>1</backscattered_light>
          <bias>1</bias>
          <blue>1</blue>
          <buffers>1</buffers>
          <bufflag>0</bufflag>
          <bufsize>2880</bufsize>
          <buftype>2</buftype>
          <clipend>30.002</clipend>
          <clipsta>1.000799</clipsta>
          <compressthresh>0.04999995</compressthresh>
          <dist sid="blender_dist">29.99998</dist>
          <energy sid="blender_energy">1</energy>
          <falloff_type>2</falloff_type>
          <filtertype>0</filtertype>
          <flag>0</flag>
          <gamma sid="blender_gamma">1</gamma>
          <green>1</green>
          <halo_intensity sid="blnder_halo_intensity">1</halo_intensity>
          <horizon_brightness>1</horizon_brightness>
          <mode>8192</mode>
          <ray_samp>1</ray_samp>
          <ray_samp_method>1</ray_samp_method>
          <ray_samp_type>0</ray_samp_type>
          <ray_sampy>1</ray_sampy>
          <ray_sampz>1</ray_sampz>
          <red>1</red>
          <samp>3</samp>
          <shadhalostep>0</shadhalostep>
          <shadow_b sid="blender_shadow_b">0</shadow_b>
          <shadow_g sid="blender_shadow_g">0</shadow_g>
          <shadow_r sid="blender_shadow_r">0</shadow_r>
          <sky_colorspace>0</sky_colorspace>
          <sky_exposure>1</sky_exposure>
          <skyblendfac>1</skyblendfac>
          <skyblendtype>1</skyblendtype>
          <soft>3</soft>
          <spotblend>0.15</spotblend>
          <spotsize>75</spotsize>
          <spread>1</spread>
          <sun_brightness>1</sun_brightness>
          <sun_effect_type>0</sun_effect_type>
          <sun_intensity>1</sun_intensity>
          <sun_size>1</sun_size>
          <type>0</type>
        </technique>
      </extra>
    </light>
  </library_lights>
  <library_images>
    <image id="AF_glass_frosted_x4_png" name="AF_glass_frosted_x4_png">
      <init_from>/E:/!%20%20SL/Textures/Misc/AF_glass_frosted%20x4.png</init_from>
    </image>
    <image id="Blue_Candle_png" name="Blue_Candle_png">
      <init_from>Blue%20Candle.png</init_from>
    </image>
    <image id="truss1" name="truss1">
      <init_from>truss1.png</init_from>
    </image>
  </library_images>
  <library_effects>
    <effect id="Material_003-effect">
      <profile_COMMON>
        <newparam sid="truss1-surface">
          <surface type="2D">
            <init_from>truss1</init_from>
          </surface>
        </newparam>
        <newparam sid="truss1-sampler">
          <sampler2D>
            <source>truss1-surface</source>
          </sampler2D>
        </newparam>
        <technique sid="common">
          <phong>
            <emission>
              <color sid="emission">0 0 0 1</color>
            </emission>
            <ambient>
              <color sid="ambient">0 0 0 1</color>
            </ambient>
            <diffuse>
              <texture texture="truss1-sampler" texcoord="UVMap"/>
            </diffuse>
            <specular>
              <color sid="specular">0.5 0.5 0.5 1</color>
            </specular>
            <shininess>
              <float sid="shininess">49</float>
            </shininess>
            <transparent opaque="A_ONE">
              <color>1 1 1 1</color>
            </transparent>
            <index_of_refraction>
              <float sid="index_of_refraction">1</float>
            </index_of_refraction>
          </phong>
        </technique>
      </profile_COMMON>
    </effect>
    <effect id="Material_004-effect">
      <profile_COMMON>
        <newparam sid="Blue_Candle_png-surface">
          <surface type="2D">
            <init_from>Blue_Candle_png</init_from>
          </surface>
        </newparam>
        <newparam sid="Blue_Candle_png-sampler">
          <sampler2D>
            <source>Blue_Candle_png-surface</source>
          </sampler2D>
        </newparam>
        <technique sid="common">
          <phong>
            <emission>
              <color sid="emission">0 0 0 1</color>
            </emission>
            <ambient>
              <color sid="ambient">0 0 0 1</color>
            </ambient>
            <diffuse>
              <texture texture="Blue_Candle_png-sampler" texcoord="UVMap"/>
            </diffuse>
            <specular>
              <color sid="specular">0.5 0.5 0.5 1</color>
            </specular>
            <shininess>
              <float sid="shininess">49</float>
            </shininess>
            <transparent opaque="A_ONE">
              <color>1 1 1 1</color>
            </transparent>
            <index_of_refraction>
              <float sid="index_of_refraction">1</float>
            </index_of_refraction>
          </phong>
        </technique>
      </profile_COMMON>
    </effect>
  </library_effects>
  <library_materials>
    <material id="Material_003-material" name="Material_003">
      <instance_effect url="#Material_003-effect"/>
    </material>
    <material id="Material_004-material" name="Material_004">
      <instance_effect url="#Material_004-effect"/>
    </material>
  </library_materials>
  <library_geometries>
    <geometry id="Cylinder_001-mesh" name="Cylinder.001">
      <mesh>
        <source id="Cylinder_001-mesh-positions">
          <float_array id="Cylinder_001-mesh-positions-array" count="1980">1.996726 0.07401496 -0.444877 2.128412 0.07401496 -0.444878 2.128412 0.003414988 -0.404117 1.996726 0.003414988 -0.404117 2.128412 0.003414988 -0.322595 1.996726 0.003414988 -0.322595 2.128412 0.07401496 -0.281834 1.996726 0.07401496 -0.281834 2.128412 0.1446149 -0.322595 1.996726 0.1446149 -0.322595 2.128412 0.1446149 -0.404117 1.996726 0.1446149 -0.404117 -2.124777 0.07401496 -0.444877 -2.124777 0.003414988 -0.404117 -2.124777 0.003414988 -0.322595 -2.124777 0.1446149 -0.404117 1.996724 0.754349 -0.444877 2.128412 0.754349 -0.444878 2.128412 0.683749 -0.404117 1.996724 0.683749 -0.404117 2.128412 0.683749 -0.322595 1.996724 0.683749 -0.322595 2.128412 0.754349 -0.281834 1.996724 0.754349 -0.281834 2.128412 0.824949 -0.322595 1.996724 0.824949 -0.322595 2.128412 0.824949 -0.404117 1.996724 0.824949 -0.404117 -2.124842 0.754348 -0.444877 -2.124842 0.683749 -0.404117 -2.124842 0.824948 -0.322595 -2.124842 0.824948 -0.404117 -1.993259 0.1446149 0.277185 -2.124806 0.1446149 0.277185 -2.124806 0.1446149 0.358707 -1.993259 0.1446149 0.358707 -2.124806 0.003414988 0.358707 -2.124806 0.07401496 0.236425 -2.124806 0.003414988 0.277185 -1.993259 0.07401496 0.236424 -1.993259 0.003414988 0.277185 -1.993259 0.003414988 0.358707 -1.99326 0.07401496 0.399468 -2.124806 0.07401496 0.399468 -1.993259 0.754349 0.236425 -2.124806 0.754349 0.236425 -2.124806 0.824949 0.277185 -1.99326 0.824949 0.277185 -1.99326 0.683749 0.277185 -2.124806 0.683749 0.277185 -1.99326 0.683749 0.358707 -2.124806 0.683749 0.358707 -1.99326 0.754349 0.399468 -2.124806 0.754349 0.399468 2.128412 0.07401496 0.399468 2.128412 0.003414988 0.358707 2.128412 0.1446149 0.277185 2.128412 0.1446149 0.358707 -2.124806 0.824949 0.358707 -1.99326 0.824949 0.358707 2.128412 0.754348 0.399468 2.128412 0.683748 0.358707 2.128412 0.683749 0.277185 2.128412 0.824948 0.358707 -1.982674 0.07401496 0.393476 -1.993259 0.07401496 0.393476 -1.993259 0.00860399 0.355711 -1.982674 0.00860399 0.355711 1.985989 0.824949 0.358707 -1.982673 0.824949 0.358707 -1.982673 0.754349 0.399468 1.985995 0.754349 0.399468 1.985989 0.824948 0.277185 -1.982673 0.824949 0.277185 -1.982674 0.1394259 0.355711 -1.993259 0.1394259 0.355711 -1.982673 0.683749 0.358707 1.985989 0.683749 0.358707 -1.993239 0.139405 -0.401108 -1.993239 0.139405 -0.325603 -1.993239 0.139405 -0.325603 -1.993239 0.139405 -0.401108 -1.982673 0.683749 0.277185 1.985989 0.683749 0.277185 -1.982674 0.07401496 0.393476 -1.982674 0.1394259 0.355711 -1.982672 0.754349 0.236424 1.985995 0.754349 0.236424 -1.982677 0.819822 0.355747 -1.993255 0.819822 0.355747 -1.993255 0.754349 0.393548 -1.982677 0.754349 0.393548 1.985993 0.1446149 0.358707 -1.982672 0.1446149 0.358707 -1.982673 0.07401496 0.399468 1.985993 0.07401496 0.399468 -1.982672 0.003414988 0.358707 1.985993 0.003414988 0.358707 1.985993 0.003414988 0.277185 1.985993 0.07401496 0.236424 1.986007 0.07401496 0.242527 1.986007 0.008700966 0.280237 -1.982672 0.003414988 0.277185 -1.982672 0.07401496 0.236424 -1.99327 0.819832 -0.401163 -1.98267 0.819832 -0.401163 -1.98267 0.754349 -0.43897 -1.99327 0.754348 -0.43897 -1.982672 0.1446149 0.277185 1.985993 0.1446149 0.277185 -1.982674 0.00860399 0.355711 -1.982668 0.07401496 -0.28785 -1.982668 0.139405 -0.325603 -1.982668 0.139405 -0.325603 -1.982668 0.07401496 -0.28785 -1.982666 0.824948 -0.404117 1.985995 0.824949 -0.404117 1.985996 0.754349 -0.444878 -1.982666 0.754349 -0.444877 -1.982666 0.824948 -0.322595 1.985995 0.824949 -0.322595 -1.982677 0.754349 0.393548 -1.982677 0.819822 0.355747 -1.982666 0.754349 -0.281834 1.985995 0.754349 -0.281834 1.996723 0.07401496 0.399468 1.996723 0.1446149 0.358707 1.996709 0.13933 0.355655 1.996709 0.07401496 0.393365 -1.982666 0.683749 -0.322595 1.985995 0.683749 -0.322595 -1.982666 0.683749 -0.404117 1.985995 0.683749 -0.404117 1.986007 0.008700966 0.355655 -1.982666 0.1446149 -0.404117 1.986 0.1446149 -0.404117 1.986 0.07401496 -0.444878 -1.982666 0.07401496 -0.444877 -1.98267 0.819832 -0.325549 -1.98267 0.819832 -0.401163 -1.98267 0.819832 -0.325549 -1.982666 0.1446149 -0.322595 1.986 0.1446149 -0.322595 1.996723 0.003414988 0.358707 1.996709 0.008700966 0.355655 -1.982666 0.07401496 -0.281834 1.986 0.07401496 -0.281834 -1.982673 0.00860399 0.280181 -1.982673 0.00860399 0.280181 -1.982666 0.003414988 -0.322595 1.986 0.003414988 -0.322595 -1.993239 0.07401496 -0.438861 -1.993239 0.07401496 -0.438861 -1.982666 0.003414988 -0.404117 1.986 0.003414988 -0.404117 -1.982677 0.819822 0.280145 -1.982677 0.819822 0.280145 1.996723 0.003414988 0.277185 1.996709 0.008700966 0.280237 1.986007 0.07401496 0.393365 1.996723 0.1446149 0.277185 2.128412 0.07401496 0.236424 1.996723 0.07401496 0.236424 2.128412 0.003414988 0.277185 -1.98267 0.754349 -0.287742 -1.98267 0.754349 -0.287742 1.996709 0.07401496 0.242527 -1.982668 0.008625984 -0.325603 -1.982668 0.008625984 -0.325603 -1.993255 0.819822 0.355747 -1.993255 0.754349 0.393548 2.128412 0.754349 0.236424 1.996723 0.754349 0.236424 1.99672 0.824948 0.277185 2.128412 0.824948 0.277185 1.99672 0.683749 0.277185 1.99672 0.683749 0.358707 1.996723 0.754349 0.399468 1.99672 0.824948 0.358707 -1.993274 0.754348 -0.444877 -1.993274 0.683749 -0.404117 -1.993274 0.683749 -0.322595 -2.124842 0.683749 -0.322595 -1.993274 0.754349 -0.281834 -2.124842 0.754349 -0.281834 -1.993274 0.824948 -0.322595 -1.993274 0.824948 -0.404117 -1.993242 0.07401496 -0.444877 -1.993242 0.003414988 -0.404117 -1.993242 0.003414988 -0.322595 -1.993242 0.07401496 -0.281834 -2.124777 0.07401496 -0.281834 -1.993242 0.1446149 -0.322595 -2.124777 0.1446149 -0.322595 -1.993242 0.1446149 -0.404117 1.996709 0.13933 0.280237 1.986007 0.13933 0.355655 -1.98267 0.688865 -0.325549 -1.98267 0.688865 -0.325549 -1.98267 0.688865 -0.401163 -1.98267 0.688865 -0.401163 1.996715 0.754349 0.242493 1.996711 0.819693 0.280219 -1.98267 0.754349 -0.43897 -1.982677 0.688876 0.355747 -1.982677 0.688876 0.355747 1.986004 0.754349 0.3934 1.985997 0.819693 0.355673 1.985997 0.819693 0.280219 1.986004 0.754349 0.242493 1.996715 0.754349 0.3934 1.996711 0.689004 0.355673 1.985997 0.689004 0.280219 1.985997 0.689004 0.355673 1.996711 0.689004 0.280219 1.996711 0.819693 0.355673 1.986007 0.13933 0.280237 -1.99327 0.819832 -0.401163 -1.99327 0.754348 -0.43897 -1.99327 0.688865 -0.401163 -1.99327 0.688865 -0.325549 -1.99327 0.819832 -0.325549 -1.982668 0.07401496 -0.438861 -1.982668 0.139405 -0.401108 -1.982668 0.008625984 -0.401108 -1.993239 0.008625984 -0.401108 -1.993239 0.008625984 -0.325603 -1.993255 0.819822 0.280145 -1.993255 0.819822 0.280145 1.996719 0.139327 -0.325648 1.996719 0.07401496 -0.287941 1.986006 0.139327 -0.325648 1.986006 0.139327 -0.401063 1.996719 0.008703947 -0.401063 1.996719 0.07401496 -0.438771 1.986006 0.008703947 -0.401063 1.986006 0.008703947 -0.325648 1.996719 0.139327 -0.401063 1.986013 0.819721 -0.325613 1.986013 0.819721 -0.401099 1.996705 0.819721 -0.401099 1.996705 0.819721 -0.325613 1.996705 0.688976 -0.325613 1.996705 0.688976 -0.401099 1.986013 0.688976 -0.401099 1.986013 0.688976 -0.325613 1.996705 0.754349 -0.438841 -1.982673 0.07401496 0.242416 -1.982673 0.07401496 0.242416 -1.982677 0.688876 0.280145 -1.982677 0.754349 0.242345 -1.993254 0.754349 0.242345 -1.993255 0.688876 0.280145 -1.982668 0.008625984 -0.401108 -1.982668 0.07401496 -0.438861 -1.982673 0.1394259 0.280181 -1.993259 0.07401496 0.393476 -1.993259 0.1394259 0.355711 -1.993259 0.07401496 0.242416 -1.993258 0.00860399 0.280181 1.986014 0.754349 -0.28787 -1.993255 0.688876 0.355747 1.996706 0.754349 -0.28787 -1.99327 0.754349 -0.287742 1.986014 0.754349 -0.438841 1.986006 0.07401496 -0.287941 1.996719 0.008703947 -0.325648 1.986007 0.07401496 -0.438771 -1.993259 0.00860399 0.355711 -1.993258 0.1394259 0.280181 -1.993239 0.07401496 -0.28785 1.985997 0.689004 0.355673 1.986004 0.754349 0.3934 1.985997 0.819693 0.355673 1.985997 0.819693 0.280219 1.996711 0.819693 0.355673 1.996715 0.754349 0.3934 1.996711 0.819693 0.280219 1.996711 0.689004 0.355673 1.996711 0.689004 0.280219 1.996715 0.754349 0.242493 1.985997 0.689004 0.280219 1.986004 0.754349 0.242493 1.986013 0.688976 -0.401099 1.986013 0.688976 -0.325613 1.986014 0.754349 -0.28787 1.986013 0.819721 -0.325613 1.986013 0.819721 -0.401099 1.986014 0.754349 -0.438841 1.996705 0.819721 -0.401099 1.996705 0.754349 -0.438841 1.996705 0.819721 -0.325613 1.996706 0.754349 -0.28787 1.996705 0.688976 -0.325613 1.996705 0.688976 -0.401099 1.986007 0.07401496 -0.438771 1.986006 0.008703947 -0.401063 1.986006 0.008703947 -0.325648 1.986006 0.07401496 -0.287941 1.986006 0.139327 -0.325648 1.986006 0.139327 -0.401063 1.996719 0.139327 -0.401063 1.996719 0.07401496 -0.438771 1.996719 0.139327 -0.325648 1.996719 0.07401496 -0.287941 1.996719 0.008703947 -0.325648 1.996719 0.008703947 -0.401063 -1.993255 0.688876 0.355747 -1.993255 0.688876 0.280145 -1.982677 0.688876 0.280145 -1.993254 0.754349 0.242345 -1.982677 0.754349 0.242345 -1.993258 0.00860399 0.280181 -1.993259 0.07401496 0.242416 -1.993258 0.1394259 0.280181 -1.982673 0.1394259 0.280181 -1.982668 0.139405 -0.401108 -1.993239 0.07401496 -0.28785 -1.993239 0.008625984 -0.325603 -1.993239 0.008625984 -0.401108 -1.99327 0.819832 -0.325549 -1.99327 0.754349 -0.287742 -1.99327 0.688865 -0.325549 -1.99327 0.688865 -0.401163 0.335286 0.690887 -0.347036 -0.2436619 0.135775 -0.347036 -0.2436619 0.135775 -0.379675 0.335286 0.690887 -0.379675 0.290356 0.690712 -0.330717 -0.287536 0.135719 -0.330717 -0.287536 0.135719 -0.395995 0.290356 0.690712 -0.395995 -0.331409 0.135663 -0.379675 0.2454259 0.690537 -0.379675 -0.331409 0.135663 -0.347036 0.2454259 0.690537 -0.347036 1.809169 0.690887 -0.347036 1.23022 0.135775 -0.347036 1.23022 0.135775 -0.379675 1.809169 0.690887 -0.379675 1.764238 0.690712 -0.330717 1.186346 0.135719 -0.330717 1.186346 0.135719 -0.395995 1.764238 0.690712 -0.395995 1.142473 0.135663 -0.379675 1.719308 0.690537 -0.379675 1.142473 0.135663 -0.347036 1.719308 0.690537 -0.347036 -1.185979 0.690887 -0.347036 -1.764928 0.135775 -0.347036 -1.764928 0.135775 -0.379675 -1.185979 0.690887 -0.379675 -1.23091 0.690712 -0.330717 -1.808802 0.135719 -0.330717 -1.808802 0.135719 -0.395995 -1.23091 0.690712 -0.395995 -1.852675 0.135663 -0.379675 -1.275841 0.690537 -0.379675 -1.852675 0.135663 -0.347036 -1.275841 0.690537 -0.347036 -1.068016 0.135544 0.334265 -0.489068 0.690656 0.334266 -0.489068 0.690656 0.301627 -1.068016 0.135544 0.301627 -1.023086 0.135719 0.350585 -0.445194 0.690712 0.350585 -0.445194 0.690712 0.285307 -1.023086 0.135719 0.285307 -0.401321 0.690768 0.301627 -0.978156 0.135894 0.301627 -0.401321 0.690768 0.334266 -0.978156 0.135894 0.334266 0.379951 0.135544 0.334266 0.9589 0.690656 0.334266 0.9589 0.690656 0.301627 0.379951 0.135544 0.301627 0.424881 0.135719 0.350585 1.002773 0.690712 0.350585 1.002773 0.690712 0.285307 0.424881 0.135719 0.285307 1.046646 0.690768 0.301627 0.469812 0.135894 0.301627 1.046646 0.690768 0.334266 0.469812 0.135894 0.334266 1.719303 0.08888399 -0.300026 1.142468 0.08888399 0.254848 1.186341 0.105203 0.254792 1.764233 0.105203 -0.300201 1.719303 0.05624496 -0.300026 1.142468 0.05624496 0.254848 1.764233 0.03992497 -0.300201 1.186341 0.03992497 0.254792 1.809164 0.05624496 -0.300377 1.230215 0.05624496 0.254736 1.926041 0.738698 -0.297437 1.926042 0.73836 0.282821 1.897775 0.72204 0.282811 1.897775 0.722379 -0.297447 1.926041 0.771337 -0.297418 1.926042 0.770998 0.28284 1.897775 0.787657 -0.297409 1.897775 0.787318 0.282849 1.869509 0.771337 -0.297419 1.869509 0.770998 0.28284 1.869509 0.73836 0.282821 1.869509 0.738698 -0.297438 -1.882585 0.738699 -0.297437 -1.882585 0.73836 0.282821 -1.91085 0.722041 0.282812 -1.91085 0.72238 -0.297447 -1.882585 0.771338 -0.297418 -1.882585 0.770999 0.28284 -1.91085 0.787657 -0.297409 -1.91085 0.787318 0.28285 -1.939116 0.771338 -0.297418 -1.939117 0.770999 0.28284 -1.939116 0.738699 -0.297437 -1.939117 0.73836 0.282821 -1.91085 0.107841 0.2614 -1.91085 0.10818 -0.318858 -1.939117 0.09185999 -0.318868 -1.939116 0.09152197 0.26139 -1.939117 0.05922198 -0.318887 -1.939116 0.05888295 0.261371 -1.91085 0.04290199 -0.318897 -1.91085 0.04256296 0.261362 -1.882585 0.05922198 -0.318887 -1.882584 0.05888295 0.261371 1.86951 0.09152197 0.26139 1.869509 0.091861 -0.318868 1.869509 0.05922198 -0.318887 1.86951 0.05888295 0.261371 -1.882585 0.09185999 -0.318868 -1.882584 0.09152197 0.26139 1.897775 0.107841 0.2614 1.897775 0.10818 -0.318859 1.897775 0.04290294 -0.318897 1.897776 0.04256397 0.261361 1.926042 0.05922198 -0.318887 1.926042 0.05888295 0.261371 1.926042 0.091861 -0.318868 1.926042 0.09152197 0.26139 1.230215 0.08888399 0.254736 1.809164 0.08888399 -0.300377 -1.275071 0.08888399 -0.300026 -1.851907 0.08888399 0.254848 -1.808033 0.105203 0.254792 -1.230141 0.105203 -0.300201 -1.275071 0.05624496 -0.300026 -1.851906 0.05624496 0.254848 -1.230141 0.03992599 -0.300201 -1.808033 0.03992599 0.254792 -1.18521 0.05624496 -0.300377 -1.764159 0.05624496 0.254736 -1.764159 0.08888399 0.254736 -1.18521 0.08888399 -0.300377 0.246211 0.08888399 -0.300026 -0.330624 0.08888399 0.254848 -0.28675 0.105203 0.254792 0.291141 0.105203 -0.300201 0.246211 0.05624496 -0.300026 -0.330624 0.05624496 0.254848 0.291141 0.03992497 -0.300201 -0.28675 0.03992497 0.254792 0.336072 0.05624496 -0.300377 -0.242877 0.05624496 0.254736 -0.242877 0.08888399 0.254736 0.336072 0.08888399 -0.300377 -0.978824 0.770186 0.254616 -0.401989 0.770186 -0.300257 -0.445862 0.786505 -0.300201 -1.023754 0.786505 0.254792 -0.978824 0.737547 0.254616 -0.401989 0.737547 -0.300257 -1.023754 0.721228 0.254792 -0.445862 0.721228 -0.300201 -1.068685 0.737547 0.254967 -0.489736 0.737547 -0.300145 -0.489736 0.770186 -0.300145 -1.068685 0.770186 0.254967 0.468656 0.770186 0.254616 1.045491 0.770186 -0.300257 1.001618 0.786505 -0.300201 0.423726 0.786505 0.254792 0.468656 0.737547 0.254617 1.045491 0.737547 -0.300257 0.423726 0.721228 0.254792 1.001618 0.721228 -0.300201 0.378796 0.737547 0.254967 0.957744 0.737547 -0.300145 0.957744 0.770186 -0.300145 0.378796 0.770186 0.254967 0.469812 0.05624496 -0.300026 1.046646 0.05624496 0.254848 1.002773 0.03992599 0.254792 0.424881 0.03992599 -0.300201 0.469812 0.08888399 -0.300026 1.046646 0.08888399 0.254848 0.424881 0.105203 -0.300201 1.002773 0.105203 0.254792 0.379951 0.08888399 -0.300377 0.958899 0.08888399 0.254736 0.958899 0.05624496 0.254736 0.379951 0.05624496 -0.300377 -0.978156 0.05624496 -0.300026 -0.401321 0.05624496 0.254848 -0.445194 0.03992599 0.254792 -1.023086 0.03992599 -0.300201 -0.978156 0.08888399 -0.300026 -0.401321 0.08888399 0.254848 -1.023086 0.105204 -0.300201 -0.445194 0.105203 0.254792 -1.068016 0.08888399 -0.300377 -0.489068 0.08888399 0.254736 -0.489068 0.05624496 0.254736 -1.068016 0.05624496 -0.300377 -1.275841 0.737547 0.254616 -1.852675 0.737547 -0.300257 -1.808802 0.721228 -0.300201 -1.23091 0.721228 0.254792 -1.275841 0.770186 0.254616 -1.852675 0.770186 -0.300257 -1.23091 0.786505 0.254792 -1.808802 0.786505 -0.300201 -1.185979 0.770186 0.254967 -1.764928 0.770186 -0.300145 -1.764928 0.737547 -0.300145 -1.185979 0.737547 0.254967 1.719308 0.737547 0.254616 1.142473 0.737547 -0.300257 1.186346 0.721228 -0.300201 1.764238 0.721228 0.254792 1.719308 0.770186 0.254616 1.142473 0.770186 -0.300257 1.764238 0.786505 0.254792 1.186346 0.786505 -0.300201 1.809169 0.770186 0.254967 1.23022 0.770186 -0.300145 1.23022 0.737547 -0.300145 1.809169 0.737547 0.254967 0.2454259 0.737547 0.254616 -0.331409 0.737547 -0.300257 -0.287536 0.721228 -0.300201 0.290356 0.721228 0.254792 0.2454259 0.770186 0.254616 -0.331409 0.770186 -0.300257 0.290356 0.786505 0.254792 -0.287536 0.786505 -0.300201 0.335286 0.770186 0.254967 -0.2436619 0.770186 -0.300145 -0.2436619 0.737547 -0.300145 0.335286 0.737547 0.254967 -1.907788 0.68833 -0.395995 -1.907787 0.108071 -0.395995 -1.936054 0.108071 -0.379675 -1.936054 0.68833 -0.379675 -1.936054 0.108071 -0.347036 -1.936054 0.68833 -0.347036 -1.907787 0.108071 -0.330717 -1.907788 0.68833 -0.330717 -1.879522 0.108071 -0.347036 -1.879522 0.68833 -0.347036 1.872572 0.68833 -0.379675 1.872572 0.108071 -0.379675 1.872572 0.108071 -0.347036 1.872572 0.68833 -0.347036 -1.879522 0.108071 -0.379675 -1.879522 0.68833 -0.379675 1.900838 0.68833 -0.395995 1.900838 0.108071 -0.395995 1.900838 0.108071 -0.330717 1.900838 0.68833 -0.330717 1.929104 0.108071 -0.347036 1.929104 0.68833 -0.347036 1.929104 0.108071 -0.379675 1.929104 0.68833 -0.379675 0.378796 0.690887 -0.379675 0.957744 0.135775 -0.379675 0.957744 0.135775 -0.347036 0.378796 0.690887 -0.347036 0.423726 0.690712 -0.395995 1.001618 0.135719 -0.395995 1.001618 0.135719 -0.330717 0.423726 0.690712 -0.330717 1.045491 0.135663 -0.347036 0.468656 0.690537 -0.347037 1.045491 0.135663 -0.379675 0.468656 0.690537 -0.379675 -1.068685 0.690887 -0.379675 -0.489736 0.135775 -0.379675 -0.489736 0.135775 -0.347036 -1.068685 0.690887 -0.347036 -1.023754 0.690712 -0.395995 -0.445862 0.135719 -0.395995 -0.445862 0.135719 -0.330717 -1.023754 0.690712 -0.330717 -0.401989 0.135663 -0.347037 -0.978824 0.690537 -0.347036 -0.401989 0.135663 -0.379675 -0.978824 0.690537 -0.379675 1.911393 0.68833 0.350585 1.911393 0.108071 0.350585 1.93966 0.108071 0.334265 1.939659 0.68833 0.334265 1.93966 0.108071 0.301627 1.939659 0.68833 0.301627 1.911393 0.108071 0.285307 1.911393 0.68833 0.285307 1.883128 0.108071 0.301626 1.883127 0.68833 0.301626 -1.868967 0.68833 0.334266 -1.868966 0.108071 0.334266 -1.868966 0.108071 0.301627 -1.868967 0.68833 0.301627 1.883128 0.108071 0.334265 1.883127 0.68833 0.334265 -1.897233 0.68833 0.350585 -1.897232 0.108071 0.350585 -1.897232 0.108071 0.285307 -1.897233 0.68833 0.285307 -1.925498 0.108071 0.301627 -1.925499 0.68833 0.301627 -1.925499 0.108071 0.334266 -1.925499 0.68833 0.334266 0.336072 0.135544 0.301627 -0.242877 0.690656 0.301627 -0.242877 0.690656 0.334266 0.336072 0.135544 0.334266 0.291141 0.135719 0.285307 -0.28675 0.690712 0.285307 -0.28675 0.690712 0.350585 0.291141 0.135719 0.350585 -0.330624 0.690768 0.334266 0.246211 0.135894 0.334266 -0.330624 0.690768 0.301627 0.246211 0.135894 0.301627 -1.18521 0.135544 0.301627 -1.76416 0.690656 0.301627 -1.764159 0.690656 0.334266 -1.18521 0.135544 0.334266 -1.230141 0.135719 0.285307 -1.808033 0.690712 0.285307 -1.808033 0.690712 0.350585 -1.230141 0.135719 0.350585 -1.851906 0.690768 0.334266 -1.275071 0.135894 0.334266 -1.851907 0.690768 0.301627 -1.275071 0.135894 0.301627 1.809164 0.135544 0.301627 1.230215 0.690656 0.301627 1.230215 0.690656 0.334266 1.809164 0.135544 0.334266 1.764234 0.135719 0.285308 1.186341 0.690712 0.285308 1.186341 0.690712 0.350585 1.764234 0.135719 0.350585 1.142468 0.690768 0.334266 1.719303 0.135894 0.334266 1.142468 0.690768 0.301627 1.719303 0.135894 0.301627</float_array>
          <technique_common>
            <accessor source="#Cylinder_001-mesh-positions-array" count="660" stride="3">
              <param name="X" type="float"/>
              <param name="Y" type="float"/>
              <param name="Z" type="float"/>
            </accessor>
          </technique_common>
        </source>
        <source id="Cylinder_001-mesh-normals">
          <float_array id="Cylinder_001-mesh-normals-array" count="3777">-2.20424e-6 -0.4999949 -0.8660284 -4.04202e-6 -0.499997 -0.8660271 0 -0.4999923 -0.8660299 0 -1 0 0 -0.5000007 0.866025 0 -0.5000006 0.8660251 0 -0.5000007 0.8660252 0 0.5000006 0.8660251 0 0.5000007 0.866025 0 0.5000007 0.8660251 1 0 0 0 1 0 -4.04202e-6 0.4999974 -0.866027 -2.20424e-6 0.4999951 -0.8660283 0 0.4999923 -0.8660299 -1 0 0 7.96932e-4 -0.5002764 -0.8658655 -4.04198e-6 -0.4999975 -0.8660269 0 -0.4999911 -0.8660305 0 -0.5000008 0.866025 0 -0.5000007 0.8660251 0 -0.5000005 0.8660252 0 0.5000003 0.8660253 0 0.5 0.8660256 -4.04198e-6 0.4999976 -0.8660268 3.12411e-4 0.5007344 -0.865601 0 0.4999905 -0.8660309 -2.45383e-6 0.4999948 -0.8660284 -4.49378e-6 0.4999976 -0.8660269 -6.9476e-6 0.500001 -0.8660249 -4.49378e-6 -0.4999974 -0.8660269 -2.45383e-6 -0.4999947 -0.8660284 -6.9476e-6 -0.5000008 -0.8660251 0 -0.5000008 0.8660249 0 -0.5000009 0.866025 0 0.4999923 -0.86603 0 0.4999919 -0.8660301 0 0.4999914 -0.8660304 0 -0.4999918 -0.8660303 0 -0.4999922 -0.86603 0 -0.4999912 -0.8660306 0 -0.5000005 0.8660252 0 -0.5 0.8660254 0 -0.4999994 0.8660258 0 0.5000009 0.8660249 0 0.500001 0.866025 0 0.5000004 0.8660253 0 0.5000002 0.8660253 0 0.5000001 0.8660255 1 -6.47253e-7 0 1 6.47257e-7 0 1 -1.29453e-6 0 0 -0.500009 0.8660203 -0.9619945 0.2630862 -0.07315969 0 -0.5000115 0.8660189 0 0.4999998 0.8660256 0 0.5000005 0.8660252 0 0.4999998 0.8660255 0 1 -1.542e-7 2.51981e-7 1 -1.16365e-5 2.5532e-7 1 -1.17907e-5 0.9619913 -0.2630958 -0.0731672 0 0.4999861 0.8660335 -0.1913027 -0.9306007 0.3120667 0 -0.5000011 0.8660248 0 -0.5000007 0.866025 0 0 0 0 0 -1 0 0 1 0 -0.5000004 -0.8660253 0 -0.500001 -0.8660249 1.22601e-7 0.5000006 -0.8660252 0 0.5000054 -0.8660224 0 0.5000054 -0.8660224 0.9619929 -0.263091 -0.07316285 0 0.4999988 0.8660261 -0.191303 -0.9306026 0.3120608 0 0.5000007 0.866025 0.9999974 2.36248e-5 -0.002285301 0.9999974 -0.001978099 -0.001142442 0.9999974 -0.0019809 -0.001142501 0 -0.5000006 -0.8660252 0 -0.5000007 -0.8660252 0.1913037 -0.9306028 -0.3120599 -4.15083e-5 0.5000055 -0.8660222 -4.55466e-5 0.5000061 -0.8660219 0 0.5000007 -0.8660252 0 0.5000007 -0.866025 -0.9386012 0.1866115 -0.2901791 0 0 -1 -2.06206e-7 0.5000008 -0.866025 -1.27714e-7 0.4999966 -0.8660274 -1.26661e-7 0.4999966 -0.8660275 -2.5532e-7 1 0 -1.19226e-7 0.5000005 0.866025 0 0.5000055 0.8660224 0 0.5000055 0.8660222 -0.9999974 0.002007603 0.001152455 -0.9999974 -1.52942e-5 0.002304852 -0.9999974 -1.44997e-5 0.002304852 0 -0.5000004 0.8660252 0 -0.5000011 0.8660249 0.9999974 -0.00200361 0.001142442 0.9999974 -0.002005577 0.001142501 0 -0.4999921 -0.86603 -2.0455e-7 -0.5000006 -0.8660251 0 -0.499992 -0.8660301 -2.04549e-7 0.5000008 -0.866025 0 0.4999917 -0.8660302 0 0.4999916 -0.8660303 -0.9999974 -0.001998901 0.001152217 -0.9999974 -0.00199759 0.001152276 0 0.5000007 0.8660252 0 0.5000007 0.8660251 0 -0.5000006 0.8660252 0 -0.5000008 -0.8660251 -2.04551e-7 -0.4999917 -0.8660302 -2.0726e-7 -0.4999916 -0.8660303 -0.9999974 -0.001989245 -0.001152217 -0.9999974 -0.001988232 -0.001152276 0.9999974 2.36246e-5 0.002285301 0.9999974 2.56722e-5 0.002285301 0 0.500001 -0.866025 0 0.5000013 -0.8660247 0 0.5000016 -0.8660246 0 -0.5000008 -0.8660249 0 -0.5000012 -0.8660248 0 -0.5000016 -0.8660246 0 -0.5000012 0.8660248 0 -0.5000016 0.8660246 0 0.5000013 0.8660247 0 0.5000016 0.8660246 -0.9999974 -1.44998e-5 -0.002304852 -0.9999974 -1.52946e-5 -0.002304852 -0.9386023 0.1866118 -0.2901755 0.9386016 -0.1866117 -0.2901778 0 0.5000055 -0.8660222 0 0.5000057 -0.8660221 0 0.5000059 -0.8660221 0 -0.5000009 -0.866025 0 -0.5000017 -0.8660246 -2.71514e-6 -1 -4.89789e-6 -4.97915e-6 -1 -8.98198e-6 -7.6943e-6 -1 -1.38799e-5 -3.78633e-6 -0.5000003 0.8660253 -3.8003e-6 -0.5000007 0.8660252 -3.81706e-6 -0.5000011 0.8660249 2.53984e-6 0.5000027 0.8660238 1.38498e-6 0.5000041 0.8660232 3.92483e-6 0.5000011 0.8660249 0 -0.4999969 -0.8660273 0 -0.4999971 -0.8660271 0 -0.4999975 -0.8660269 0 -0.5000004 0.8660252 0 0.500006 0.866022 0 0.5000057 0.8660222 0 0.5000053 0.8660224 0 0.4999917 -0.8660302 0 0.4999921 -0.86603 0 -0.4999918 -0.8660302 0 -0.4999915 -0.8660304 0 -0.4999911 -0.8660305 0 -0.5000005 0.8660252 0 0.5000004 0.8660252 0 0.4999918 -0.8660302 0 0.4999915 -0.8660304 0 0.499991 -0.8660306 -0.9999974 0.002016961 -0.001152455 -0.9999974 0.00201869 -0.001152276 0.9999975 0.001964688 0.00114268 0.9999975 0.001962661 0.001142501 -0.9999974 0.002009034 0.001152276 -0.9999986 8.19803e-4 -0.001513421 -0.9999991 0 -0.0013417 0.195798 -0.490617 -0.8490926 -0.9386016 0.1866117 -0.2901778 0.999999 3.49416e-6 0.001465976 -0.1956988 -0.4905807 0.8491364 0.9999989 8.32549e-4 0.001241505 0.9999989 8.35625e-4 -0.001239001 0.999999 0 -0.001465141 0.999999 0 -0.001473128 -0.9999985 -8.56088e-4 0.001513421 -0.9999991 0 0.001341938 0.1957796 0.4906217 0.8490941 0.9999989 -0.001570999 0 -0.1956424 -0.4900295 -0.8494676 0.9999989 -0.001463055 0 -0.9999985 -0.001723825 0 0.1966849 -0.9804669 1.15559e-4 0.1957442 -0.4900342 0.8494415 0.9999989 0.001570999 0 -0.1965023 0.9805034 1.16849e-4 -0.1956573 0.4900107 0.849475 -0.9999985 8.56089e-4 0.001513421 -0.9999992 0 0.001335859 0 0.5000118 0.8660187 0 0.4999992 0.8660259 0 -0.5000062 0.8660218 0 -0.5000176 0.8660154 0 -0.500005 0.8660226 0 -0.5000062 -0.8660219 0 -0.5000176 -0.8660152 0 -0.500005 -0.8660227 0 0.5000004 -0.8660252 0 0.5000118 -0.8660187 0 0.4999992 -0.8660259 0.9999998 0 -6.6597e-4 -0.1957981 0.4903932 -0.8492218 0.9999999 0 -6.65975e-4 -0.9999998 -7.71791e-4 0 0.195819 -0.9806401 7.82623e-5 0.195426 -0.4902136 0.8494111 0.9999998 -7.70265e-4 0 -0.1954259 -0.490215 -0.8494105 0.9999997 -7.68165e-4 0 -0.9999998 4.2041e-4 6.65888e-4 -0.9999999 0 6.65859e-4 -0.9999999 0 6.65858e-4 0.9999998 7.70265e-4 0 -0.1958026 0.9806434 7.82621e-5 -0.195426 0.4902136 0.8494111 -1 1.89317e-4 -3.36813e-4 -1 -3.999e-7 -3.3686e-4 0.1952423 -0.4905586 -0.8492541 -1 0 -3.36858e-4 0.1954194 -0.4904203 -0.8492934 0.9999999 3.01298e-4 -4.95313e-4 0.9999999 -1.29552e-5 -4.95382e-4 0.9999999 -1.2806e-5 -4.9538e-4 0.9999999 -5.319e-4 0 -0.1954579 -0.9807121 -9.12427e-5 -0.195326 -0.4901793 -0.8494541 -1 -8.69436e-7 3.3686e-4 0.1952373 0.4905092 0.8492839 -1 -2.03905e-4 3.36829e-4 0.9999999 5.32002e-4 0 -0.1953261 0.4902775 0.8493972 1 5.56957e-4 0 -0.9999991 6.72658e-4 0.0011518 -0.9999994 1.93926e-5 0.00115168 -0.9999994 1.76111e-5 0.00115168 0.9999995 0.001121401 0 -0.1933285 -0.655843 0.7297219 0.9999995 0.001127719 0 -0.9999994 9.46107e-6 -0.0011518 0.19636 -0.4903261 -0.8491309 -0.9999994 1.10244e-5 -0.001151859 0.9999991 -0.001438021 -1.10414e-4 -0.1946658 -0.6555684 -0.7296131 -0.1933508 0.5189217 -0.832668 -0.9999992 0.001276373 0 0.1963742 0.980529 -8.53944e-5 0.1956959 0.4901048 -0.8494118 0.9999942 0.003401517 0 -0.1967369 0.4895588 0.8494862 0.999994 0.003450334 0 -0.9999938 0.003556549 0 0.1968325 0.489572 -0.8494564 -0.9999933 0.003664493 0 -0.9999938 -0.003557324 0 0.1968329 -0.4895908 0.8494455 -0.9999934 -0.003665208 0 0.9999943 -0.003402233 0 -0.1967377 -0.4896859 -0.8494127 0.999994 -0.003451049 0 -0.9999995 -5.79791e-4 -9.17102e-4 0.1968301 -0.490781 -0.848759 -0.9999936 0.001789748 -0.003139972 0.9999996 9.28872e-4 0 -0.1955364 0.4901012 0.8494507 0.9999995 0.001022756 0 -0.9999998 -3.90192e-4 -6.7578e-4 -0.9999997 0 -8.39965e-4 -0.9999997 0 -8.456e-4 0.9999997 0 -8.44921e-4 -0.1955173 0.4905901 -0.8491728 0.9999995 -4.74634e-4 -8.3259e-4 -0.9999999 0 6.64504e-4 0.1954238 0.490511 0.84924 -0.9999997 -3.89952e-4 6.6451e-4 0.9999997 0 8.45732e-4 -0.195523 -0.490587 0.8491732 0.9999995 5.10277e-4 8.45734e-4 -1 1.12698e-4 -1.79056e-4 -1 0 -1.79052e-4 0.1951453 -0.4905182 -0.8492999 1 4.43914e-6 1.12825e-5 1 0 1.73411e-4 -0.1950492 -0.4904959 0.8493347 -1 -4.37068e-4 -1.18308e-5 0.1951375 -0.4903274 0.8494119 -1 -1.51912e-4 0 1 -7.20794e-5 -1.60961e-4 1 0 -5.41235e-6 -0.1950166 0.4905251 -0.8493254 0.9999974 0.001989305 -0.00114268 0.9999974 2.56721e-5 -0.002285301 0.9999989 -8.35617e-4 -0.001239001 -0.1956823 0.490607 -0.849125 0.9999951 1.42508e-5 0.003135144 -0.1967325 -0.490761 0.8487934 0.9999941 0.001724183 0.00298196 0.1958062 0.4904237 0.8492023 -0.9999999 0 6.64503e-4 -1 1.83668e-4 3.26935e-4 -1 0 1.64799e-4 -1 0 1.59157e-4 -0.9999999 0 -6.65968e-4 0.1954339 -0.4905668 -0.8492054 -0.9999997 3.48344e-4 -6.65895e-4 0.9999997 -9.28883e-4 0 -0.1955364 -0.4901022 -0.8494501 0.9999995 -0.001022756 0 -0.9999998 3.90192e-4 -6.7578e-4 0.195425 -0.4905163 -0.8492367 0.9999974 0.001988112 -0.001142501 -0.1954277 0.4905711 -0.8492044 0.9999998 -3.77372e-4 -6.65895e-4 -0.9999986 -8.19795e-4 -0.001513421 -0.9999992 0 -0.00133562 -0.9999997 -8.39863e-4 0 0.1954221 -0.4902068 0.849416 -0.9999998 -7.50924e-4 0 -1 2.37054e-4 -1.18308e-5 0.1950982 0.4903016 -0.8494358 -1 3.69871e-4 0 0.1957779 -0.4903992 -0.8492231 -0.9999999 0 -6.65973e-4 -0.1960221 -0.4903966 0.8491681 0.9999997 0 8.45731e-4 -0.9999935 -0.001806914 0.003142058 -0.9999957 -1.28104e-5 0.002984881 0.1966957 0.490814 0.8487712 -0.9999997 8.39854e-4 0 0.1954221 0.4902057 -0.8494167 -0.9999998 7.50915e-4 0 0.9999998 3.8567e-4 6.65888e-4 0.9999999 0 6.65859e-4 -0.1954258 -0.4905733 0.8492036 -0.9999985 0.001723825 0 0.1957327 0.490047 -0.8494368 -0.9999986 0.001652181 0 0.9999956 7.09283e-6 -0.002981305 -0.1984152 0.4900795 -0.8487954 0.9999957 7.25235e-6 -0.002981483 -0.9999998 -4.20406e-4 6.65891e-4 0.1954068 0.4905849 0.8492012 -0.1959837 0.4904051 -0.8491721 0.9999997 0 -8.45739e-4 0.9999941 -0.001736223 -0.002970457 -0.1967183 0.4907926 -0.8487782 0.9999994 5.94957e-4 9.95667e-4 0.9999987 2.86863e-4 0.00160098 -0.1936486 -0.9805405 0.03225564 -0.9999998 7.71791e-4 0 0.1954305 0.490211 -0.8494117 -0.9999997 7.92728e-4 0 -0.9999956 -7.39603e-6 0.002987205 0.198612 0.490116 0.8487283 -0.9999992 -0.001276135 0 0.195707 -0.4901027 0.8494105 -0.9999991 -0.001362919 0 0.9999941 -0.001742005 0.00298047 0.9999951 1.94796e-5 0.003137469 -0.9999991 6.71454e-4 -0.00115168 0.1956973 -0.4907059 -0.8490644 -0.9999935 -0.001812219 -0.00314027 -0.9999962 0.001413524 -0.002384245 0.9999997 5.90722e-4 -6.58282e-4 0.9999994 0 -0.001146256 0.9999994 0 -0.00115168 0.9999994 -6.00101e-4 -9.93637e-4 -0.1935465 0.9598634 -0.202983 0.1956952 0.490556 0.8491515 -0.9999992 -6.91261e-4 0.00115174 1 -1.44025e-4 1.18308e-5 -0.1950505 -0.4903012 -0.8494468 1 -2.42178e-5 0 -1 -1.12697e-4 -1.79055e-4 -1 0 -1.79052e-4 1 1.08207e-5 1.18308e-5 -0.1949983 0.4902865 0.8494675 1 1.71726e-4 0 -1 3.8119e-4 0 0.1954482 0.980714 -8.99543e-5 0.1952387 0.4902821 -0.8494148 -0.1953293 0.4906098 -0.8492047 0.9999999 -2.84987e-4 -4.95263e-4 1 -4.43914e-6 1.12825e-5 1 0 1.79052e-4 -1 -3.81118e-4 0 0.1952449 -0.4902884 0.8494096 -1 -4.16541e-4 0 0.9999996 -4.09478e-6 9.9553e-4 -0.1944477 -0.9803575 -0.03300553 -1 -1.8367e-4 3.26938e-4 0.195102 0.4905472 0.8492931 0.9999999 3.01341e-4 4.95384e-4 0.9999999 -1.29519e-5 4.95383e-4 -0.1953213 -0.4904965 0.8492719 0.9999989 -8.35341e-4 0.001239001 0.9999989 1.02506e-5 0.001469373 -1 2.24826e-4 3.36861e-4 -1 2.01534e-7 3.36861e-4 1 7.208e-5 -1.60963e-4 0.9999998 -3.85666e-4 6.65891e-4 0.9999999 0 6.65858e-4 0.9999999 -1.27355e-5 4.95382e-4 -0.195608 -0.4904356 0.8492411 0.9386224 -0.1865108 -0.2901755 -0.9385812 0.1867132 -0.2901782 -0.191213 -0.9306161 0.3120755 0 0.4999915 0.8660303 0 0.4999902 0.8660311 0.9619559 -0.1950492 0.191303 -0.9619559 -0.1950492 -0.191303 -0.191303 -0.1950492 0.9619559 0 -0.4999855 0.8660337 -0.961955 0.2632026 -0.07326191 0 -0.4999841 0.8660346 0.9619559 0.1950492 -0.191303 -0.9619559 0.1950492 0.191303 -0.191303 0.1950492 -0.9619559 -0.1912131 0.9306222 -0.3120577 0 -0.4999845 -0.8660345 0 -0.4999842 -0.8660345 0 0.49999 -0.8660312 -0.9619553 -0.263201 0.07326257 0 0.4999898 -0.8660313 -0.9760724 0.1941708 -0.09787982 0.9761047 -0.1940069 -0.0978828 0.9386049 -0.1865981 -0.2901759 -0.961976 -0.2631124 0.07330948 0 0.4999998 -0.8660255 0.1913138 -0.9306051 -0.3120465 0.191303 -0.1950492 -0.9619559 0 0.5000081 0.8660209 -0.1912925 -0.9306039 0.3120636 0.9619756 -0.2631136 -0.07330942 -0.9619934 0.26309 -0.07316118 0 -0.5000029 0.8660238 0.1913138 0.930603 0.3120533 0.191303 0.1950492 0.9619559 0 -0.4999938 -0.866029 -0.1913033 0.930608 -0.3120445 0.9619759 0.2631111 0.07331377 -0.9760906 0.1940799 -0.09787899 -4.29602e-4 -1.84137e-4 0.9999999 0.9760838 -0.1941125 -0.09788197 -0.9386074 0.1865803 -0.2901791 -0.7303131 -0.6762229 -0.09677529 0.561133 0.7755185 -0.2893111 -0.961992 -0.2630937 0.07316505 0 0.4999986 -0.8660263 0.1913134 -0.9305997 -0.3120633 0 0.4999921 0.86603 0.9619925 -0.2630915 -0.07316696 -0.9619925 0.263092 -0.07316517 0 -0.4999979 0.8660267 0.1913029 0.9306037 0.3120576 0 -0.5000044 -0.8660229 -0.1913028 0.9305996 -0.31207 0.9619923 0.2630929 0.0731638 0.9760834 -0.1941125 -0.09788542 -0.9386011 0.1866115 -0.2901796 0 -0.4999989 0.8660261 -0.9619929 0.263091 -0.07316267 0 -0.4999988 0.8660261 -0.1913031 0.9306065 -0.3120493 0 -0.4999939 -0.866029 0 -0.4999947 -0.8660286 0 0.4999934 -0.8660292 -0.9619749 -0.263115 0.07331299 0 0.4999942 -0.8660288 -0.9760901 0.1940817 -0.09788042 0.9760839 -0.1941126 -0.09788042 -0.1912923 0.1950492 -0.9619579 0.1912923 0.1950492 0.9619579 -0.9619562 0.1950492 0.1913014 0.961991 0.2630975 0.0731666 0 -0.4999934 -0.8660293 -0.1913027 0.9306007 -0.3120667 0 0.4999935 -0.8660292 0.191292 -0.9306035 -0.3120651 -0.9619914 -0.2630958 0.07316607 0.9619555 -0.1950492 0.1913045 -0.9619555 -0.1950492 -0.1913045 -0.1913135 -0.1950491 0.9619538 0.9760835 -0.1941125 -0.09788459 0.9386012 -0.1866115 -0.2901791 -0.9760864 0.1940983 -0.09788459 -0.9619932 -0.2630901 0.07316219 0 0.4999967 -0.8660274 0.1913031 -0.9306033 -0.3120591 0 0.4999967 0.8660274 0.9619932 -0.2630901 -0.07316219 0 0.4999967 0.8660274 -0.9619932 0.2630906 -0.07316046 0 -0.5000025 0.866024 0.191303 0.9306011 0.3120653 0 -0.5000025 -0.866024 0.9619932 0.2630906 0.07316046 0 -0.5000025 -0.8660241 -0.9760832 0.1941124 -0.09788823 0.9760834 -0.1941125 -0.09788542 0.9386016 -0.1866116 -0.2901782 0 0.5000101 0.8660197 0.9619931 -0.2630907 -0.0731616 0 0.5000112 0.8660191 -0.9619916 0.2630948 -0.07316708 0 -0.4999939 0.866029 0.1913028 0.9306018 0.3120634 4.65928e-5 -0.4999939 -0.8660289 -0.1913035 0.9306014 -0.3120641 0.9619642 0.2631608 0.07328921 -0.9760833 0.1941124 -0.09788691 0.938602 -0.1866117 -0.2901764 0.9760833 -0.1941124 -0.09788668 0.6920917 -0.7218097 0 0.6920922 -0.7218092 0 0.6920922 -0.7218092 0 0.322744 -0.3365911 0.8846145 0.327928 -0.3414686 0.8808306 0.3226397 -0.3364929 0.8846899 0.3279423 -0.3414846 -0.8808191 0.3227584 -0.3366068 -0.8846033 0.3226541 -0.3365086 -0.8846786 -0.3280095 0.3410016 -0.8809812 -0.3228155 0.3361245 -0.8847658 -0.3227108 0.3360261 -0.8848415 -0.693255 0.7206924 0 -0.6932544 0.720693 0 -0.6932544 0.7206929 0 -0.3228 0.3361084 0.8847776 -0.3279939 0.3409856 0.8809931 -0.3226953 0.33601 0.8848531 0.692091 -0.7218103 0 0.6920915 -0.7218098 0 0.6920915 -0.7218098 0 0.322738 -0.3365854 0.8846188 0.3279278 -0.3414686 0.8808306 0.3226336 -0.3364871 0.8846943 0.3279425 -0.3414847 -0.880819 0.3227525 -0.3366013 -0.8846076 0.3226481 -0.336503 -0.8846829 -0.3280095 0.3410016 -0.8809812 -0.3228155 0.3361246 -0.8847658 -0.3227108 0.3360263 -0.8848413 -0.6932549 0.7206925 0 -0.6932545 0.7206929 0 -0.6932545 0.7206929 0 -0.3228003 0.3361088 0.8847773 -0.3279941 0.3409857 0.8809931 -0.3226956 0.3360104 0.8848528 0.6920911 -0.7218102 0 0.3227386 -0.3365861 0.8846185 0.3279272 -0.341468 0.8808311 0.3226342 -0.3364878 0.8846939 0.327942 -0.3414841 -0.8808194 0.322753 -0.3366017 -0.8846072 0.3226486 -0.3365035 -0.8846826 -0.32801 0.3410017 -0.8809809 -0.3228097 0.3361185 -0.8847703 -0.3227049 0.33602 -0.8848459 -0.6932557 0.7206918 0 -0.6932551 0.7206923 0 -0.6932551 0.7206924 0 -0.3227947 0.3361027 0.8847817 -0.3279946 0.3409859 0.8809927 -0.3226899 0.3360043 0.8848573 -0.6920921 0.7218092 0 -0.6920909 0.7218104 0 -0.3227584 0.3366046 0.8846042 -0.327928 0.3414693 0.8808303 -0.3226544 0.3365067 0.8846793 -0.3279426 0.3414853 -0.8808187 -0.3227591 0.3366063 -0.8846032 -0.3226548 0.3365081 -0.8846786 0.328011 -0.3410027 -0.8809801 0.3228156 -0.336125 -0.8847656 0.3227109 -0.3360267 -0.8848412 0.6932551 -0.7206924 0 0.6932545 -0.7206929 0 0.3228013 -0.3361085 0.8847771 0.3279947 -0.3409864 0.8809925 0.3226966 -0.3360102 0.8848527 -0.6920905 0.7218108 0 -0.6920916 0.7218098 0 -0.6920916 0.7218097 0 -0.3227434 0.336591 0.8846147 -0.3279325 0.3414741 0.8808267 -0.322639 0.3364928 0.8846902 -0.3279478 0.3414908 -0.8808146 -0.3227598 0.3366074 -0.8846025 -0.3226554 0.3365091 -0.884678 0.3280115 -0.3410026 -0.88098 0.3228094 -0.3361186 -0.8847702 0.3227046 -0.3360202 -0.8848459 0.6932556 -0.7206918 0 0.6932551 -0.7206923 0 0.322795 -0.3361021 0.8847817 0.3279953 -0.3409864 0.8809923 0.3226902 -0.3360036 0.8848574 -0.3228011 0.8847768 -0.3361093 -0.3279933 0.8809936 -0.3409851 -0.3226964 0.8848524 -0.336011 -0.6932546 0 -0.7206928 -0.6932548 0 -0.7206926 -0.6932548 0 -0.7206926 -0.3280088 -0.8809815 -0.3410014 -0.3228163 -0.8847654 -0.336125 -0.3227117 -0.8848409 -0.3360267 0.3279445 -0.8808177 0.3414861 0.3227577 -0.884604 0.3366058 0.3226533 -0.8846794 0.3365076 0.4999921 -0.8660299 -5.05896e-4 0.5000016 -0.8660244 -5.05328e-4 0.4999917 -0.86603 -5.05917e-4 1 0 -1.64354e-6 1 -2.47081e-6 -1.64354e-6 1 -2.56247e-6 -1.64354e-6 0.5000045 0.8660228 5.05299e-4 0.5000126 0.8660181 5.05883e-4 0.5000129 0.8660179 5.05906e-4 -0.5000163 0.866016 5.05916e-4 -0.5000116 0.8660187 5.06095e-4 -0.5000165 0.8660158 5.05909e-4 -0.5000144 -0.866017 -5.04582e-4 -0.4999833 -0.866035 -5.05858e-4 -0.499982 -0.8660357 -5.05908e-4 0.5000086 -0.8660203 -5.05751e-4 0.5000035 -0.8660233 -5.0611e-4 0.5000033 -0.8660234 -5.06124e-4 1 1.22627e-7 0 1 3.30539e-6 0 1 3.42802e-6 0 -1 -1.13218e-5 0 -1 2.15612e-5 0 -1 -1.25887e-5 0 0.5000029 0.8660236 5.05929e-4 0.5000088 0.8660202 5.05932e-4 0.500009 0.8660201 5.05932e-4 -0.499988 0.8660322 5.06073e-4 -0.49998 0.8660369 5.05154e-4 -0.4999883 0.8660321 5.06108e-4 -1 1.30213e-7 -1.64353e-6 -1 3.50987e-6 -1.64353e-6 -1 0 -1.64353e-6 -0.499976 -0.8660392 -5.06684e-4 -0.499992 -0.8660299 -5.05944e-4 -0.4999926 -0.8660296 -5.05916e-4 -0.5000042 0.866023 5.05318e-4 -0.4999943 0.8660286 5.0592e-4 -0.4999939 0.8660288 5.05944e-4 -1 1.17762e-5 1.64354e-6 -1 -9.3139e-6 1.64353e-6 -1 1.25887e-5 1.64353e-6 -0.5000102 -0.8660194 -5.05912e-4 -0.500001 -0.8660248 -5.05161e-4 -0.5000106 -0.8660193 -5.05941e-4 0.5000211 -0.8660132 -5.06844e-4 0.5000284 -0.866009 -5.0598e-4 0.5000208 -0.8660134 -5.06877e-4 -1 -1.18145e-5 1.84898e-6 -1 8.28082e-6 1.84898e-6 -1 -1.25887e-5 1.84898e-6 1 1.15659e-5 -1.84898e-6 1 -1.49916e-5 -1.84898e-6 1 -1.60148e-5 -1.84898e-6 0.4999884 0.866032 5.05851e-4 0.5000284 0.8660089 5.03649e-4 0.4999868 0.866033 5.05936e-4 -0.4999927 0.8660295 5.06855e-4 -0.5000047 0.8660227 5.05987e-4 -0.5000051 0.8660224 5.05954e-4 -0.4999872 -0.8660328 -5.05123e-4 -0.4999934 -0.8660292 -5.05049e-4 -0.4999936 -0.866029 -5.05046e-4 0.4999867 -0.866033 -5.0599e-4 0.4999837 -0.8660347 -5.06752e-4 0.4999868 -0.8660329 -5.05961e-4 1 -1.15964e-5 0 1 1.41607e-5 0 1 1.51531e-5 0 0.4999766 0.8660388 5.05974e-4 0.4999781 0.866038 5.05953e-4 0.4999781 0.8660379 5.05952e-4 0.3227421 0.8846157 0.3365895 0.3279287 0.8808299 0.3414698 0.3226377 0.8846912 0.3364913 0.6920918 0 0.7218096 0.6920917 0 0.7218096 -0.3227998 0.8847779 -0.336108 -0.3279898 0.8809961 -0.3409822 -0.3226952 0.8848534 -0.3360098 -0.6932541 -2.22241e-5 -0.7206934 -0.6932549 -5.91989e-7 -0.7206925 -0.6932549 0 -0.7206925 -0.3279956 -0.8809916 -0.3409878 -0.3228004 -0.8847776 -0.3361084 -0.3226956 -0.884853 -0.3360099 0.3279253 -0.8808325 0.3414662 0.322744 -0.8846142 0.3365917 0.3226398 -0.8846896 0.3364936 0.3227443 0.8846141 0.3365919 0.3279253 0.8808325 0.3414662 0.3226401 0.8846894 0.3364939 0.692092 0 0.7218094 0.6920918 0 0.7218095 0.6920918 0 0.7218095 -0.3228003 0.8847779 -0.3361076 -0.3279884 0.8809973 -0.3409802 -0.3226957 0.8848533 -0.3360093 -0.328004 -0.8809852 -0.3409965 -0.3228158 -0.8847659 -0.336124 -0.3227112 -0.8848415 -0.3360257 0.327949 -0.8808143 0.3414903 0.3227587 -0.8846032 0.3366069 0.3226543 -0.8846786 0.3365086 0.3227432 0.8846148 0.3365913 0.3279334 0.8808265 0.3414739 0.3226388 0.8846902 0.336493 0.3228048 0.8847736 0.3361144 0.3279956 0.880993 0.3409844 0.3227001 0.884849 0.3360162 0.6932532 0 0.7206941 0.6932544 0 0.720693 0.3279948 -0.8809919 0.3409879 0.3228043 -0.8847734 0.3361154 0.3226997 -0.8848488 0.3360171 -0.3279268 -0.88083 -0.3414713 -0.3227367 -0.88462 -0.3365836 -0.3226323 -0.8846955 -0.3364852 -0.3227366 0.8846203 -0.336583 -0.3279272 0.8808309 -0.3414685 -0.3226321 0.8846958 -0.3364847 -0.6920909 0 -0.7218104 0.3228063 0.8847716 0.3361181 0.3279934 0.8809936 0.3409847 0.3227017 0.884847 0.3360199 0.6932544 5.95836e-7 0.7206931 0.693255 2.23702e-5 0.7206924 0.693255 2.2966e-5 0.7206924 0.3279936 -0.8809939 0.3409839 0.3228002 -0.8847776 0.3361083 0.3226954 -0.8848532 0.3360099 -0.3279266 -0.8808309 -0.3414689 -0.3227431 -0.8846158 -0.3365886 -0.3226388 -0.8846912 -0.3364903 -0.3227431 0.8846154 -0.3365899 -0.3279265 0.8808312 -0.3414683 -0.3226388 0.8846908 -0.3364917 -0.692091 0 -0.7218103 -0.6920921 0 -0.7218093 -0.6920921 0 -0.7218092 0.322794 -0.8847824 -0.3361016 0.3279953 -0.8809922 -0.3409869 0.3226891 -0.884858 -0.3360031 0.6932554 0 -0.720692 0.6932553 0 -0.7206921 0.6932554 0 -0.7206921 0.327995 0.8809924 -0.3409866 0.322794 0.884782 -0.3361024 0.3226892 0.8848577 -0.3360039 -0.3279272 0.880831 0.3414683 -0.3227488 0.8846108 0.336596 -0.3226446 0.8846861 0.336498 -0.3227486 -0.8846111 0.3365957 -0.3279272 -0.8808311 0.3414682 -0.3226444 -0.8846864 0.3364977 -0.6920922 0 0.7218092 -0.6920925 0 0.7218089 0.3228005 -0.8847774 -0.3361085 0.3279942 -0.8809927 -0.3409864 0.3226958 -0.884853 -0.3360102 0.6932548 0 -0.7206926 0.6932548 0 -0.7206926 0.3279947 0.8809924 -0.3409866 0.3228156 0.8847663 -0.336123 0.3227112 0.8848417 -0.3360249 -0.327928 0.8808299 0.3414704 -0.3227632 0.8845998 0.3366113 -0.3226593 0.884675 0.3365135 -0.322748 -0.8846115 0.3365952 -0.327928 -0.8808305 0.3414689 -0.3226438 -0.8846868 0.3364971 -0.3228029 -0.8847749 0.3361125 -0.3279926 -0.8809943 0.3409838 -0.3226983 -0.8848505 0.3360143 -0.6932555 0 0.720692 -0.6932545 0 0.7206929 -0.6932544 0 0.720693 -0.3279926 0.8809945 0.3409834 -0.3228028 0.8847756 0.3361111 -0.3226982 0.8848511 0.3360128 0.3279259 0.8808315 -0.3414682 0.3227378 0.8846197 -0.3365833 0.3226335 0.8846952 -0.336485 0.3227377 -0.8846194 -0.3365843 0.3279256 -0.8808317 -0.3414679 0.3226333 -0.8846949 -0.336486 0.6920909 0 -0.7218104 -0.322803 -0.8847748 0.3361126 -0.3279962 -0.8809913 0.3409879 -0.6932544 0 0.720693 -0.6932533 0 0.7206941 -0.6932532 0 0.7206941 -0.3279963 0.8809915 0.3409872 -0.3228037 0.8847749 0.336112 -0.322699 0.8848505 0.3360137 0.3279283 0.8808296 -0.3414707 0.3227364 0.8846207 -0.3365821 0.322632 0.8846963 -0.3364837 0.3227366 -0.8846203 -0.3365831 0.3279281 -0.8808298 -0.3414705 0.3226321 -0.8846958 -0.3364847 -0.3228058 -0.8847735 0.3361136 -0.3279936 -0.8809921 0.3409883 -0.3227012 -0.884849 0.3360152 -0.3279943 0.880994 0.340983 -0.3228055 0.8847726 0.3361164 -0.3227009 0.884848 0.3360183 0.3279273 0.8808313 -0.3414675 0.3227428 0.8846159 -0.3365887 0.3226385 0.8846913 -0.3364906 0.3227429 -0.8846162 -0.3365876 0.3279268 -0.8808298 -0.3414717 0.3226386 -0.8846917 -0.3364894 0.6920921 0 -0.7218093 0.692091 0 -0.7218103 -0.5000136 0 -0.8660176 -0.5000015 -1.13794e-6 -0.8660247 -0.5000141 0 -0.8660173 -0.4999779 -7.58639e-7 0.8660383 -0.4999912 0 0.8660306 -0.4999916 0 0.8660302 0.5000038 0 0.8660234 0.4999906 9.48325e-7 0.8660309 0.4999901 9.83505e-7 0.8660311 0.5000142 1.13797e-6 -0.8660173 0.5000262 0 -0.8660104 0.5000138 1.18019e-6 -0.8660176 -0.5000125 0 -0.8660182 -0.5000137 0 -0.8660176 -0.5000137 0 -0.8660175 -0.49999 0 0.8660312 -0.4999901 0 0.8660312 -0.4999901 0 0.8660312 0.4999915 0 0.8660303 0.4999917 0 0.8660303 0.4999916 0 0.8660302 0.5000151 0 -0.8660167 0.5000141 0 -0.8660172 0.5000141 0 -0.8660173 -0.6920921 -0.7218092 0 -0.6920917 -0.7218097 0 -0.6920917 -0.7218097 0 -0.3227589 -0.3366069 -0.884603 -0.3279415 -0.3414843 -0.8808195 -0.3226546 -0.3365088 -0.8846784 -0.327927 -0.3414682 0.8808311 -0.322744 -0.3365908 0.8846145 -0.3226397 -0.3364927 0.88469 0.3279942 0.3409881 0.880992 0.3228159 0.3361245 0.8847657 0.3227115 0.3360264 0.884841 0.6932545 0.7206928 0 0.6932551 0.7206924 0 0.6932546 0.7206928 0 0.3228156 0.3361249 -0.8847656 0.3280106 0.3410024 -0.8809804 0.3227109 0.3360266 -0.8848412 -0.6920916 -0.7218098 0 -0.692091 -0.7218103 0 -0.6920909 -0.7218104 0 -0.3227529 -0.3366014 -0.8846074 -0.3279419 -0.3414846 -0.8808192 -0.3226485 -0.3365031 -0.8846829 -0.3279272 -0.3414683 0.880831 -0.3227381 -0.3365853 0.8846188 -0.3226336 -0.3364871 0.8846943 0.3280094 0.341 0.8809818 0.3228005 0.336109 0.8847771 0.3226954 0.3360104 0.884853 0.6932551 0.7206923 0 0.3228156 0.336125 -0.8847656 0.32801 0.3410017 -0.8809809 0.3227109 0.3360266 -0.8848412 0.500002 7.58629e-7 0.8660243 0.5000159 0 0.8660163 0.5000165 0 0.866016 1 1.60178e-6 0 1 2.33231e-6 0 1 2.36046e-6 0 0.5000137 0 -0.8660176 0.5000041 7.58628e-7 -0.866023 -0.4999906 -9.48325e-7 -0.8660309 -0.5000038 0 -0.8660234 -0.4999901 -9.83505e-7 -0.8660311 1 1.96699e-6 0 1 1.96699e-6 0 1 1.96699e-6 0 -1 -2.33223e-6 0 -1 -1.60174e-6 0 -1 -1.57359e-6 0 -0.5000284 0 0.8660091 -0.5000131 -9.48309e-7 0.8660179 -0.5000125 -9.8349e-7 0.8660182 0.4999912 7.86803e-7 0.8660306 0.4999917 7.86806e-7 0.8660303 0.4999917 7.86806e-7 0.8660302 0.5000142 7.86794e-7 -0.8660173 0.5000147 7.86791e-7 -0.8660169 0.5000141 7.86794e-7 -0.8660173 -0.5000164 -7.86793e-7 -0.866016 -0.5000141 -7.86794e-7 -0.8660173 -0.5000165 -7.86793e-7 -0.8660159 -1 0 -2.81736e-5 -1 -1.5173e-6 -1.04524e-6 -0.4999794 -9.48301e-7 0.8660374 -0.4999923 0 0.8660299 -0.4999929 0 0.8660296 0.6920916 0.7218098 0 0.6920905 0.7218108 0 0.6920904 0.7218109 0 0.322755 0.336602 -0.8846063 0.3279479 0.3414901 -0.8808149 0.3226506 0.3365036 -0.8846818 0.3279328 0.3414736 0.8808268 0.3227389 0.3365858 0.8846184 0.3226343 0.3364875 0.8846939 -0.3279895 -0.3409805 0.8809967 -0.3228008 -0.336108 0.8847774 -0.3226962 -0.3360098 0.8848529 -0.6932544 -0.720693 0 -0.693255 -0.7206924 0 -0.3228152 -0.3361245 -0.884766 -0.3280051 -0.3409972 -0.8809844 -0.3227105 -0.3360263 -0.8848414 0.6920916 0.7218097 -6.10989e-7 0.69209 0.7218112 -2.2985e-5 0.6920917 0.7218096 0 0.3227544 0.336602 -0.8846065 0.3279485 0.3414913 -0.8808141 0.3226499 0.3365036 -0.8846821 0.3279275 0.3414688 0.8808307 0.3227378 0.3365846 0.8846192 0.3226333 0.3364864 0.8846947 -0.3279957 -0.3409867 0.8809921 -0.3228008 -0.3361086 0.8847771 -0.3226961 -0.3360103 0.8848528 -0.6932538 -0.7206936 2.22241e-5 -0.6932551 -0.7206923 5.91989e-7 -0.6932551 -0.7206923 0 -0.3228151 -0.3361251 -0.8847658 -0.3280048 -0.3409973 -0.8809846 -0.3227105 -0.3360269 -0.8848412 0.6920915 0.7218098 0 0.6920903 0.7218109 0 0.6920903 0.7218109 0 0.3227427 0.3365905 -0.8846152 0.3279281 0.3414696 -0.8808302 0.3226384 0.3364923 -0.8846907 0.3279275 0.3414694 0.8808305 0.3227431 0.3365905 0.8846151 0.3226388 0.3364923 0.8846904 -0.327995 -0.3409861 0.8809926 -0.3227956 -0.3361037 0.8847809 -0.3226908 -0.3360053 0.8848565 -0.6932544 -0.7206931 0 -0.3227949 -0.3361037 -0.8847812 -0.3279935 -0.3409861 -0.8809931 -0.3226901 -0.3360052 -0.8848569 -6.24625e-6 -0.4999997 -0.8660256 0 -0.5000007 0.8660251 -6.24625e-6 0.5000002 -0.8660254 -6.24614e-6 -0.500001 -0.866025 0 -0.500001 0.866025 -6.24614e-6 0.5000015 -0.8660246 0 0.4999915 -0.8660303 0 0.4999927 -0.8660296 0 -0.4999927 -0.8660296 0 -0.5000011 0.8660248 0 0.5000009 0.866025 1 5.17807e-6 0 0.1913033 0.9306058 0.3120511 0 0.5000005 0.8660252 0 0.4999836 0.8660349 0 -0.5000012 0.8660249 1.24225e-7 0.5000005 -0.8660252 0 0.5000006 0.8660252 -0.9619747 -0.2631165 0.07330995 -2.07259e-7 0.5000008 -0.866025 -1.20806e-7 0.5000005 0.8660252 -2.07259e-7 -0.5000008 -0.866025 -2.07259e-7 0.500001 -0.8660249 0 0.5000005 -0.8660251 0 -0.5000005 -0.8660252 0 0.5000005 0.8660251 0 0.5000053 -0.8660224 0 -0.5000005 -0.8660252 -3.76957e-6 -0.4999999 0.8660255 0 0.5000057 0.8660222 0 -0.4999964 -0.8660275 0 0.5000064 0.8660217 0 0.4999911 -0.8660306 0 -0.4999921 -0.86603 0 0.5000004 0.8660252 0 0.4999922 -0.86603 -0.9760835 0.1941125 -0.09788399 -0.1964933 0.4903261 -0.8491001 -0.1965727 -0.9804893 -1.12403e-4 -0.9999986 -0.001652181 0 0.9999989 0.001462757 0 0.1966274 0.490278 0.8490967 0 0.5000131 0.8660179 0 -0.5000188 0.8660147 0 -0.5000188 -0.8660145 0 0.5000131 -0.8660179 0.9999998 3.77369e-4 -6.65898e-4 -0.9999997 -7.92728e-4 0 -0.1958038 -0.9806431 -7.51053e-5 0.1958225 0.4903826 0.8492222 0.9999997 7.68165e-4 0 -1 -1.79761e-4 -3.36779e-4 -0.1956185 0.4903955 -0.8492619 1 -5.5685e-4 0 -0.1954449 0.9807147 1.11119e-4 0.1963573 0.4903047 0.8491439 -0.194654 0.5181185 0.8328645 -0.9999992 -6.76046e-4 -0.001151561 0.9999997 -8.49971e-4 -3.90866e-4 -0.9999991 0.001363158 0 -0.1982577 0.9801499 1.26085e-4 0.1984188 0.9801174 -1.25968e-4 0.1984195 -0.9801172 1.28657e-4 -0.1982583 -0.9801498 -1.28892e-4 -0.9760835 0.1941125 -0.09788459 -0.1958343 0.980637 1.00245e-4 0.1958021 -0.4904192 -0.8492059 0.1953311 -0.9807373 1.25747e-4 -0.9999997 3.8995e-4 6.64507e-4 0.1952885 0.4904026 0.8493337 -0.1958343 -0.980637 -1.04104e-4 0.196609 -0.4902843 -0.8490973 0.1958464 -0.9806346 1.04102e-4 0.1952612 0.9807513 -1.20577e-4 -0.9999998 -3.48341e-4 -6.65897e-4 0.9999996 -5.1028e-4 8.45739e-4 0.1958464 0.9806346 -1.00478e-4 0.1967332 0.9804571 -1.12403e-4 0.9999942 0.001724183 -0.002970278 0.9999995 4.7463e-4 -8.32582e-4 0.1958038 0.9806431 -7.51053e-5 -0.9999935 0.001824676 0.003139913 0.1963187 -0.9805402 -1.53905e-5 -0.1984223 -0.4900756 0.8487959 0.1986043 -0.490058 -0.8487637 -0.1944357 0.9595954 0.2034001 -0.195073 -0.9807888 -1.25742e-4 0.1952572 -0.4904033 -0.8493404 -0.195046 0.9807941 1.2058e-4 -1 4.16621e-4 0 -0.1950492 -0.4905343 0.8493126 0.1954244 -0.9807189 -1.27014e-5 0.9999994 -5.72451e-4 9.95582e-4 -0.1964933 -0.4903244 0.849101 0.1954467 0.490392 0.8493035 -0.1950911 0.4904792 -0.8493349 -0.1956624 -0.490403 0.8492475 1 -2.82836e-4 4.95336e-4 -0.9385814 0.1867126 -0.2901782 0.9386046 -0.1866003 -0.2901755 -0.9760909 0.1940777 -0.09787982 0.9619765 -0.2631085 -0.07331573 0.1912892 0.9306049 0.3120627 0.9619768 0.2631063 0.07332009 0.1912893 -0.9306073 -0.3120554 0.9761046 -0.1940075 -0.0978828 0.9760866 -0.1940983 -0.09788197 0 0.5000017 -0.8660246 0 0.5000093 0.8660202 0 -0.5000042 0.866023 0 -0.4999957 -0.866028 -0.976084 0.1941126 -0.09787899 0 0.4999979 -0.8660268 -0.1913029 -0.9306058 0.3120514 0 -0.4999979 0.8660266 0 -0.5000036 -0.8660234 0.9386002 -0.1866114 -0.2901828 -0.9760832 0.1941124 -0.09788846 0.9760863 -0.1940982 -0.09788542 0.191303 0.9306026 0.312061 0.9619751 0.2631136 0.0733146 0.191315 -0.9306048 -0.3120471 -0.9760839 0.1941126 -0.09788042 0.9761057 -0.1940029 -0.09788042 0.9619562 0.1950492 -0.1913014 0 -0.4999916 -0.8660302 0 0.4999918 -0.8660302 0.1913135 -0.1950492 -0.9619538 0.97609 -0.1940798 -0.09788459 0 0.4999967 -0.8660274 -0.1913031 -0.9306033 0.3120591 0 -0.5000025 0.8660241 -0.191303 0.9306011 -0.3120653 -0.1913031 -0.9306022 0.3120622 0 -0.4999926 0.8660296 5.11258e-5 -0.4999921 -0.86603 0.9760836 -0.1941125 -0.09788376 0.6920917 -0.7218097 0 0.3280336 -0.3415681 0.8807526 0.328048 -0.341584 -0.8807411 -0.3281157 0.3411013 -0.880903 -0.693255 0.7206924 0 -0.3281 0.3410853 0.8809151 0.6920909 -0.7218104 0 0.3280337 -0.3415682 0.8807527 0.3280484 -0.3415843 -0.8807409 -0.3281157 0.3411013 -0.8809031 -0.693255 0.7206925 0 -0.3281002 0.3410854 0.8809149 0.6920911 -0.7218102 0 0.3280331 -0.3415675 0.8807532 0.3280477 -0.3415836 -0.8807414 -0.3281163 0.3411015 -0.8809027 -0.3281008 0.3410856 0.8809146 -0.6920909 0.7218104 0 -0.3280334 0.3415685 0.8807526 -0.3280482 0.3415848 -0.8807407 0.3281171 -0.3411024 -0.8809021 0.693255 -0.7206924 0 0.3281009 -0.3410861 0.8809144 -0.6920904 0.7218109 0 -0.3280383 0.3415737 0.8807487 -0.3280535 0.3415904 -0.8807365 0.3281179 -0.3411024 -0.8809018 0.6932557 -0.7206918 0 0.3281015 -0.3410862 0.8809142 -0.3280994 0.8809155 -0.3410847 -0.6932546 0 -0.7206928 -0.3281149 -0.8809034 -0.341101 0.3280503 -0.8807398 0.3415856 0.500002 -0.8660242 -5.05306e-4 1 0 -1.64354e-6 0.5000041 0.8660229 5.05277e-4 -0.5000115 0.8660188 5.06102e-4 -0.5000157 -0.8660163 -5.04533e-4 0.5000088 -0.8660202 -5.05737e-4 -1 2.28281e-5 0 0.5000027 0.8660237 5.05928e-4 -0.4999797 0.866037 5.05118e-4 -1 3.64008e-6 -1.64353e-6 -0.4999754 -0.8660395 -5.06713e-4 -0.5000045 0.8660228 5.05294e-4 -1 -1.01265e-5 1.64353e-6 -0.5000006 -0.866025 -5.05133e-4 0.5000287 -0.8660088 -5.05947e-4 -1 9.05506e-6 1.84898e-6 1 1.25891e-5 -1.84898e-6 0.5000299 0.866008 5.03564e-4 -0.4999923 0.8660297 5.06888e-4 -0.499987 -0.8660328 -5.05126e-4 0.4999836 -0.8660348 -5.06781e-4 1 -1.25887e-5 0 0.4999766 0.8660388 5.05974e-4 0.3280345 0.8807519 0.3415692 0.6920918 0 0.7218096 -0.3280958 0.8809179 -0.3410817 -0.6932541 -2.28161e-5 -0.7206934 -0.3281018 -0.8809136 -0.3410875 0.328031 -0.8807547 0.3415656 0.328031 0.8807546 0.3415656 -0.3280944 0.8809193 -0.3410797 -0.3281099 -0.8809071 -0.3410961 0.3280548 -0.8807363 0.3415899 0.3280393 0.8807485 0.3415734 0.3281016 0.8809149 0.3410838 0.3281009 -0.8809139 0.3410874 -0.3280327 -0.8807519 -0.3415709 -0.328033 0.8807529 -0.3415681 0.3280994 0.8809157 0.3410842 0.6932544 0 0.720693 0.3280998 -0.8809158 0.3410835 -0.3280323 -0.880753 -0.3415684 -0.3280323 0.8807533 -0.3415678 0.3281015 -0.8809139 -0.3410866 0.6932555 0 -0.720692 0.3281012 0.8809142 -0.3410864 -0.3280328 0.880753 0.3415676 -0.3280329 -0.8807532 0.3415675 0.3281003 -0.8809147 -0.341086 0.3281006 0.8809145 -0.341086 -0.3280333 0.8807522 0.3415695 -0.3280336 -0.8807526 0.3415682 -0.3280986 -0.8809163 0.3410834 -0.6932555 0 0.7206919 -0.3280987 0.8809164 0.3410829 0.3280317 0.8807535 -0.3415678 0.3280314 -0.8807538 -0.3415675 -0.3281024 -0.8809133 0.3410875 -0.3281024 0.8809135 0.3410868 0.3280342 0.8807516 -0.3415704 0.3280339 -0.8807518 -0.3415701 -0.3280996 -0.8809142 0.3410879 -0.3281003 0.8809161 0.3410825 0.328033 0.8807533 -0.341567 0.3280325 -0.8807519 -0.3415713 0.6920921 0 -0.7218092 -0.500001 -1.18016e-6 -0.8660249 -0.4999774 -7.86784e-7 0.8660385 0.5000042 0 0.8660231 0.5000267 0 -0.86601 -0.5000125 0 -0.8660182 -0.4999901 0 0.8660312 0.4999916 0 0.8660303 0.5000152 0 -0.8660166 -0.6920922 -0.7218092 0 -0.3280472 -0.3415837 -0.8807415 -0.3280327 -0.3415676 0.8807532 0.3281 0.3410875 0.8809142 0.693255 0.7206924 0 0.3281167 0.341102 -0.8809024 -0.6920916 -0.7218097 0 -0.3280478 -0.3415842 -0.8807412 -0.328033 -0.3415679 0.8807529 0.3281158 0.3410999 0.8809035 0.6932546 0.7206928 0 0.3281162 0.3411013 -0.8809028 0.5000014 7.86774e-7 0.8660246 1 1.57364e-6 0 0.5000038 7.86773e-7 -0.8660234 -0.5000042 0 -0.8660231 1 1.96699e-6 0 -1 -2.36038e-6 0 -0.500029 0 0.8660088 0.4999912 7.86803e-7 0.8660306 0.5000148 7.8679e-7 -0.866017 -0.500014 -7.86794e-7 -0.8660174 -1 0 -2.92189e-5 -0.499979 -9.83483e-7 0.8660376 0.6920916 0.7218097 0 0.3280538 0.3415897 -0.8807367 0.3280387 0.3415732 0.8807488 -0.3280956 -0.3410801 0.8809186 -0.6932544 -0.720693 0 -0.3281112 -0.3410967 -0.8809065 0.6920899 0.7218114 -2.35959e-5 0.3280545 0.341591 -0.880736 0.3280333 0.3415683 0.8807527 -0.3281019 -0.3410864 0.8809139 -0.6932538 -0.7206936 2.28161e-5 -0.3281108 -0.3410968 -0.8809065 0.6920915 0.7218098 0 0.3280338 0.341569 -0.8807522 0.3280332 0.3415688 0.8807525 -0.3281012 -0.3410859 0.8809143 -0.3280997 -0.3410859 -0.8809149</float_array>
          <technique_common>
            <accessor source="#Cylinder_001-mesh-normals-array" count="1259" stride="3">
              <param name="X" type="float"/>
              <param name="Y" type="float"/>
              <param name="Z" type="float"/>
            </accessor>
          </technique_common>
        </source>
        <source id="Cylinder_001-mesh-map-0">
          <float_array id="Cylinder_001-mesh-map-0-array" count="5808">0.9552 0.3465 0.9825 0.362 0.9568 0.3678 0.9825 0.362 0.9596 0.3892 0.9568 0.3678 0.9993 0.2757 0.9566 0.2845 0.9594 0.2623 0.9807 0.2923 0.9547 0.3048 0.9566 0.2845 0.9825 0.362 0.9938 0.3269 0.9971 0.3763 0.9816 0.3068 0.9548 0.3251 0.9547 0.3048 0.9938 0.3269 0.9552 0.3465 0.9548 0.3251 0.0205 0.3406 10e-5 0.3726 0.009899973 0.3202 0.9539 0.1784 0.9918 0.1998 0.9533 0.1988 0.9918 0.1998 0.9536 0.2182 0.9533 0.1988 0.9799 0.2211 0.9554 0.2384999 0.9536 0.2182 0.9798 0.2352 0.9583 0.2604 0.9554 0.2384999 0.9918 0.1998 0.9819 0.165 0.9999 0.1457 0.9999 0.1457 0.9557 0.1565 0.9581 0.1331 0.9819 0.165 0.9539 0.1784 0.9557 0.1565 0.008499979 0.1928 0.01919996 0.1592 0.023 0.1726 0.007399976 0.4541 0.046 0.4331 0.04649996 0.4532 10e-5 0.5066 0.01959997 0.4743 0.01949995 0.4899 0.01959997 0.4743 0.04649996 0.4532 0.04619997 0.475 0.04479998 0.4968 0.01959997 0.4743 0.04619997 0.475 10e-5 0.5066 0.04479998 0.4968 0.04219996 0.5184 0.04389995 0.4122 0.001599967 0.4004 0.04199999 0.3908 0.01829999 0.04219996 0.04199999 0.02209997 0.0442 0.04229998 0.04409998 0.0629 0.01829999 0.04219996 0.0442 0.04229998 0.01769995 0.08099997 0.04409998 0.0629 0.04369997 0.08359998 0.01829999 0.0952 0.04369997 0.08359998 0.04179996 0.1037999 0.9971 0.4066 0.9784 0.4371 0.978 0.4227 0.01979994 0.4314 0.04389995 0.4122 0.046 0.4331 0.01769995 0.08099997 10e-5 0.1107 0.006799995 0.06139999 0.01779997 0.02709996 0.03869998 0.001299977 0.04199999 0.02209997 10e-5 0.1107 0.04179996 0.1037999 0.03869998 0.124 0.979 0.1017 0.9898 0.06619995 0.996 0.1217 0.04589998 0.412 0.04639995 0.3911 0.04889994 0.4117 0.9468 0.1323 0.04799997 0.1046 0.9442 0.1089 0.04839998 0.02109998 0.9465 10e-5 0.9443 0.02179998 0.04739999 0.433 0.04889994 0.4117 0.0503 0.4328 0.04799997 0.1046 0.9431 0.08689999 0.9442 0.1089 0.04949998 0.3019 0.05009996 0.322 0.04969996 0.322 0.05009996 0.08399999 0.9428 0.0661 0.9431 0.08689999 0.05069994 0.4328 0.04889994 0.4117 0.04919999 0.4117 0.9428 0.0661 0.05049997 0.04189997 0.9425 0.04399996 0.05049997 0.04189997 0.9443 0.02179998 0.9425 0.04399996 0.04069995 0.1234 0.04639995 0.1044 0.04319995 0.1238 0.0521 0.4328 0.9479 0.4136 0.9468 0.4348 0.9479 0.4136 0.0478 0.3902 0.9514 0.3907 0.9468 0.4747 0.9501 0.4963 0.9484 0.4965 0.0485 0.5189 0.9484 0.4965 0.9531 0.5189 0.05129998 0.4975 0.9468 0.4747 0.9484 0.4965 0.0467 0.1546 0.05129998 0.1745 0.04839998 0.1747 0.05349999 0.4752 0.9468 0.4546 0.9468 0.4747 0.04919999 0.4117 0.04639995 0.3911 0.0467 0.391 0.05279999 0.4532 0.9468 0.4348 0.9468 0.4546 0.05289995 0.3017 0.05119997 0.2819 0.05149996 0.2819 0.9484 0.1558 0.05269998 0.1744 0.05149996 0.154 0.9513 0.1327 0.05149996 0.154 0.04819995 0.1326 0.04359996 0.1238 0.04639995 0.1044 0.04679995 0.1045 0.9486 0.2393 0.04819995 0.261 0.05199998 0.2382 0.9519 0.435 0.9524 0.414 0.954 0.4142 0.9475 0.2184 0.05199998 0.2382 0.05329996 0.2161999 0.9473 0.1987 0.05329996 0.2161999 0.05369997 0.1948 0.9484 0.4965 0.9546 0.5176 0.9531 0.5189 0.05269998 0.1744 0.9473 0.1987 0.05369997 0.1948 0.9482 0.3251 0.05489999 0.3436 0.05479997 0.322 0.04999995 0.1542 0.04639995 0.1337 0.0467 0.1337 0.9487 0.3046 0.05479997 0.322 0.05409997 0.3017 0.954 0.4142 0.9555 0.3923 0.9574 0.3916 0.9496 0.2838 0.05409997 0.3017 0.05299997 0.2818 0.04739999 0.518 0.0496 0.4972 0.04999995 0.4973 0.9525 0.2614 0.05299997 0.2818 0.05059999 0.2614 0.04969996 0.322 0.04989999 0.3435 0.0496 0.3435 0.9501 0.3687 0.04909998 0.3898 0.05329996 0.3664 0.9482 0.3468 0.05329996 0.3664 0.05489999 0.3436 0.04709994 0.02129995 0.04299998 0.001399993 0.04329997 0.001299977 0.9585 0.5177 0.953 0.4958 0.9546 0.4955 0.9479 0.4136 0.953 0.3919 0.9495 0.4137 0.9518 0.4545 0.9784 0.4371 0.9895 0.4566 0.9522 0.4743 0.9895 0.4566 0.9765 0.4762 0.9546 0.4955 0.9765 0.4762 0.981 0.4898 0.9585 0.5177 0.981 0.4898 0.996 0.5034 0.954 0.4142 0.9971 0.4066 0.978 0.4227 0.9519 0.435 0.978 0.4227 0.9784 0.4371 0.04699999 0.2601 0.04999995 0.2379 0.05039995 0.238 0.9522 0.4743 0.953 0.4958 0.9508 0.4745 0.05149996 0.2819 0.04879999 0.2625 0.04909998 0.2624 0.04319995 0.104 0.04069995 0.1234 0.04039996 0.1234 0.9499 0.0442 0.9775 0.0302 0.9743 0.04439997 0.9898 0.06619995 0.9499 0.0442 0.9743 0.04439997 0.9495 0.0866 0.9898 0.06619995 0.9748 0.08789998 0.9515 0.1083 0.9748 0.08789998 0.979 0.1017 0.9509 0.0223 0.9941 0.01099997 0.9775 0.0302 0.996 0.1217 0.9515 0.1083 0.979 0.1017 0.04699999 0.1747 0.008499979 0.1928 0.023 0.1726 0.04699999 0.1948 0.01959997 0.2133 0.008499979 0.1928 0.04699999 0.2159 0.01999998 0.2284 0.01959997 0.2133 0.0449 0.2373999 10e-5 0.2451 0.01999998 0.2284 0.04209995 0.1335999 0.01919996 0.1592 0.005199968 0.1450999 0.0449 0.1547999 0.023 0.1726 0.01919996 0.1592 0.04809999 0.3434 0.02069997 0.3559 0.0205 0.3406 0.04589998 0.3655 10e-5 0.3726 0.02069997 0.3559 0.04429996 0.262 0.02309995 0.285 0.008099973 0.2727 0.04679995 0.2824 0.02259999 0.2988 0.02309995 0.285 0.04809999 0.3019 0.009899973 0.3202 0.02259999 0.2988 0.04829996 0.322 0.0205 0.3406 0.009899973 0.3202 0.9518 0.4545 0.9508 0.4745 0.9506 0.4545 0.9468 0.4348 0.9495 0.4137 0.948 0.4348 0.05039995 0.238 0.05169999 0.2161 0.0521 0.2161 0.0521 0.2161 0.05169999 0.1948 0.05199998 0.1948 0.9518 0.4545 0.9505 0.4349 0.9519 0.435 0.9509 0.0223 0.9481 0.04409998 0.9495 0.02219998 0.05199998 0.1948 0.05129998 0.1745 0.05159997 0.1745 0.04679995 0.1045 0.04829996 0.08389997 0.04869997 0.08389997 0.9442 0.1089 0.9485 0.131 0.9468 0.1323 0.9443 0.02179998 0.9443 0.04399996 0.9425 0.04399996 0.9495 0.0866 0.9499 0.1084 0.9483 0.08669996 0.9428 0.0661 0.9446 0.08679997 0.9431 0.08689999 0.9492 0.0661 0.9483 0.08669996 0.9477 0.0661 0.9443 0.02179998 0.9481 0.001299977 0.9457 0.02189999 0.9536 0.1313 0.9499 0.1084 0.9515 0.1083 0.948 0.4348 0.9524 0.414 0.9505 0.4349 0.9495 0.4137 0.9555 0.3923 0.9524 0.414 0.9546 0.5176 0.953 0.4958 0.9571 0.5171 0.9501 0.4963 0.9508 0.4745 0.953 0.4958 0.9482 0.4747 0.9506 0.4545 0.9508 0.4745 0.9481 0.4546 0.9505 0.4349 0.9506 0.4545 0.04699999 0.1747 0.04639995 0.1547 0.04809999 0.1747 0.05369997 0.1948 0.0521 0.2161 0.05199998 0.1948 0.04699999 0.1948 0.04839998 0.216 0.04699999 0.2159 0.04819995 0.261 0.05039995 0.238 0.05199998 0.2382 0.0449 0.1547999 0.04339998 0.1341 0.04639995 0.1547 0.05479997 0.322 0.05329996 0.3436 0.05329996 0.322 0.05489999 0.3436 0.05159997 0.3662 0.05329996 0.3436 0.04829996 0.322 0.0496 0.3435 0.04809999 0.3434 0.04279994 0.3888 0.04759997 0.3657 0.0442 0.3882 0.05299997 0.2818 0.04909998 0.2624 0.05059999 0.2614 0.04809999 0.3019 0.04969996 0.322 0.04829996 0.322 0.03999996 0.001799941 0.04389995 0.02179998 0.04349994 0.02189999 0.9547 0.3048 0.955 0.2843 0.9566 0.2845 0.9487 0.3046 0.9497 0.3251 0.9482 0.3251 0.9552 0.3465 0.9552 0.368 0.9537 0.3466 0.9538 0.3899 0.9515 0.3685 0.9548 0.3891 0.9547 0.3048 0.9533 0.3251 0.9535 0.3048 0.9513 0.1327 0.9501 0.1559 0.9484 0.1558 0.9557 0.1565 0.9562 0.134 0.9581 0.1331 0.9536 0.2182 0.9519 0.1987 0.9533 0.1988 0.9473 0.1987 0.9489 0.2184 0.9475 0.2184 0.9539 0.1784 0.954 0.1563 0.9557 0.1565 0.04999995 0.4973 0.05129998 0.4751 0.05169999 0.4751 0.03869998 0.001299977 0.04349994 0.02189999 0.04199999 0.02209997 0.05059999 0.06299996 0.04889994 0.04199999 0.05049997 0.04189997 0.0442 0.04229998 0.04549998 0.0629 0.04409998 0.0629 0.04799997 0.1046 0.04869997 0.08389997 0.05009996 0.08399999 0.04179996 0.1037999 0.04039996 0.1234 0.03869998 0.124 0.04789996 0.3888 0.05119997 0.3662 0.05159997 0.3662 0.05159997 0.3662 0.05299997 0.3436 0.05329996 0.3436 0.05279999 0.4532 0.05169999 0.4751 0.05159997 0.4532 0.046 0.4331 0.04549998 0.4121 0.04709994 0.433 0.0485 0.5189 0.04999995 0.4973 0.05129998 0.4975 0.04479998 0.4968 0.04799997 0.475 0.04609996 0.4969 0.9468 0.4546 0.9482 0.4747 0.9468 0.4747 0.9428 0.0661 0.9443 0.04399996 0.944 0.0661 0.9486 0.2393 0.953 0.2599 0.9515 0.2611 0.04799997 0.1046 0.04359996 0.1238 0.04679995 0.1045 0.0521 0.4328 0.04919999 0.4117 0.05079996 0.4115 0.05269998 0.1744 0.04999995 0.1542 0.05149996 0.154 0.04409998 0.0629 0.04509997 0.0837 0.04369997 0.08359998 0.04839998 0.02109998 0.04889994 0.04199999 0.04709994 0.02129995 0.9468 0.4348 0.9481 0.4546 0.9468 0.4546 0.04699999 0.1747 0.04839998 0.1948 0.04699999 0.1948 0.9492 0.0661 0.9481 0.04409998 0.9499 0.0442 0.05009996 0.08399999 0.04919999 0.0629 0.05059999 0.06299996 0.05279999 0.4532 0.05069994 0.4328 0.0521 0.4328 0.05269998 0.1744 0.05199998 0.1948 0.05159997 0.1745 0.04179996 0.1037999 0.04509997 0.0837 0.04319995 0.104 0.9536 0.2182 0.9539 0.2387 0.9524 0.2182 0.04839998 0.02109998 0.04329997 0.001299977 0.04469996 2e-4 0.04199999 0.2601 0.04649996 0.2375 0.04339998 0.2596 0.9509 0.0223 0.9514 0.001599967 0.9532 9e-4 0.9472 0.1782 0.9501 0.1559 0.9487 0.1782 0.05329996 0.2161999 0.05039995 0.238 0.0521 0.2161 0.0442 0.04229998 0.04349994 0.02189999 0.04529994 0.04219996 0.9473 0.1987 0.9487 0.1782 0.9484 0.1987 0.9487 0.3046 0.9512 0.2839 0.9499 0.3047 0.05149996 0.154 0.0467 0.1337 0.04819995 0.1326 0.9554 0.2384999 0.9565 0.2596 0.9539 0.2387 0.9596 0.3892 0.9552 0.368 0.9568 0.3678 0.9475 0.2184 0.9502 0.2391999 0.9486 0.2393 0.9548 0.3251 0.9537 0.3466 0.9533 0.3251 0.9533 0.1988 0.9524 0.1783 0.9539 0.1784 0.9482 0.3251 0.95 0.3468 0.9482 0.3468 0.9501 0.3687 0.95 0.3468 0.9515 0.3685 0.9566 0.2845 0.9576 0.263 0.9594 0.2623 0.04479998 0.4968 0.04399996 0.5177 0.04219996 0.5184 0.05129998 0.4975 0.05169999 0.4751 0.05349999 0.4752 0.046 0.4331 0.04789996 0.4533 0.04649996 0.4532 0.05409997 0.3017 0.05329996 0.322 0.05289995 0.3017 0.04809999 0.3434 0.04759997 0.3657 0.04589998 0.3655 0.04199999 0.3908 0.04549998 0.4121 0.04389995 0.4122 0.04909998 0.3898 0.05159997 0.3662 0.05329996 0.3664 0.9496 0.2838 0.9541 0.2626 0.9512 0.2839 0.0478 0.3902 0.04919999 0.4117 0.0467 0.391 0.04809999 0.3019 0.04799997 0.2823 0.04949998 0.3019 0.9431 0.08689999 0.9459 0.1088 0.9442 0.1089 0.05409997 0.3017 0.05149996 0.2819 0.05299997 0.2818 0.04649996 0.4532 0.04799997 0.475 0.04619997 0.475 0.04699999 0.2159 0.04649996 0.2375 0.0449 0.2373999 0.04679995 0.2824 0.04589998 0.2627 0.04799997 0.2823 0.9446 0.08679997 0.9463 0.1088 0.9459 0.1088 0.9481 0.001299977 0.946 0.02189999 0.9457 0.02189999 0.9459 0.1088 0.9488 0.131 0.9485 0.131 0.9522 0.1307 0.9495 0.1085 0.9499 0.1084 0.9495 0.02219998 0.9511 0.001599967 0.9514 0.001599967 0.9499 0.1084 0.9479 0.08669996 0.9483 0.08669996 0.9483 0.08669996 0.9474 0.0661 0.9477 0.0661 0.9477 0.0661 0.9477 0.04409998 0.9481 0.04409998 0.9518 0.1307 0.9463 0.1088 0.9495 0.1085 0.946 0.02189999 0.9511 0.001599967 0.9492 0.02219998 0.9463 0.1088 0.9479 0.08669996 0.9495 0.1085 0.9449 0.08679997 0.9474 0.0661 0.9479 0.08669996 0.9474 0.0661 0.9447 0.04399996 0.9477 0.04409998 0.9447 0.04399996 0.9492 0.02219998 0.9477 0.04409998 0.944 0.0661 0.9449 0.08679997 0.9446 0.08679997 0.9443 0.04399996 0.9443 0.0661 0.944 0.0661 0.9457 0.02189999 0.9447 0.04399996 0.9443 0.04399996 0.9481 0.04409998 0.9492 0.02219998 0.9495 0.02219998 0.9484 0.1987 0.9493 0.2184 0.9489 0.2184 0.9489 0.2184 0.9505 0.2391 0.9502 0.2391999 0.9502 0.2391999 0.9533 0.2599 0.953 0.2599 0.9525 0.1335999 0.9504 0.156 0.9501 0.1559 0.9501 0.1559 0.9491 0.1782 0.9487 0.1782 0.9537 0.1563 0.9491 0.1782 0.9504 0.156 0.9559 0.134 0.9504 0.156 0.9529 0.1335999 0.9505 0.2391 0.9561 0.2596 0.9533 0.2599 0.9521 0.2183 0.9505 0.2391 0.9493 0.2184 0.9516 0.1987 0.9493 0.2184 0.9488 0.1987 0.9491 0.1782 0.9516 0.1987 0.9488 0.1987 0.9487 0.1782 0.9488 0.1987 0.9484 0.1987 0.9524 0.1783 0.9537 0.1563 0.954 0.1563 0.954 0.1563 0.9559 0.134 0.9562 0.134 0.9565 0.2596 0.9535 0.2387 0.9539 0.2387 0.9539 0.2387 0.9521 0.2183 0.9524 0.2182 0.9524 0.2182 0.9516 0.1987 0.9519 0.1987 0.9519 0.1987 0.9521 0.1783 0.9524 0.1783 0.95 0.3468 0.9518 0.3685 0.9515 0.3685 0.9515 0.3685 0.9551 0.389 0.9548 0.3891 0.9541 0.2626 0.9516 0.2839 0.9512 0.2839 0.9512 0.2839 0.9502 0.3047 0.9499 0.3047 0.9499 0.3047 0.95 0.3251 0.9497 0.3251 0.953 0.3251 0.9503 0.3467 0.95 0.3251 0.9532 0.3048 0.95 0.3251 0.9502 0.3047 0.9547 0.2843 0.9502 0.3047 0.9516 0.2839 0.9573 0.263 0.9516 0.2839 0.9544 0.2626 0.9549 0.3681 0.9551 0.389 0.9518 0.3685 0.9503 0.3467 0.9549 0.3681 0.9518 0.3685 0.9537 0.3466 0.953 0.3251 0.9533 0.3251 0.9533 0.3251 0.9532 0.3048 0.9535 0.3048 0.9535 0.3048 0.9547 0.2843 0.955 0.2843 0.955 0.2843 0.9573 0.263 0.9576 0.263 0.9583 0.3887 0.9549 0.3681 0.9552 0.368 0.9552 0.368 0.9534 0.3466 0.9537 0.3466 0.9497 0.3251 0.9503 0.3467 0.95 0.3468 0.04389995 0.02179998 0.04299998 0.001399993 0.04679995 0.02129995 0.04359996 0.104 0.04829996 0.08389997 0.04639995 0.1044 0.04549998 0.0837 0.04879999 0.0629 0.04829996 0.08389997 0.04879999 0.0629 0.04569995 0.04219996 0.0485 0.04199999 0.04569995 0.04219996 0.04679995 0.02129995 0.0485 0.04199999 0.04509997 0.0837 0.04359996 0.104 0.04319995 0.104 0.04869997 0.08389997 0.04879999 0.0629 0.04919999 0.0629 0.04549998 0.0629 0.04549998 0.0837 0.04509997 0.0837 0.04529994 0.04219996 0.04589998 0.0629 0.04549998 0.0629 0.04919999 0.0629 0.0485 0.04199999 0.04889994 0.04199999 0.04349994 0.02189999 0.04569995 0.04219996 0.04529994 0.04219996 0.04889994 0.04199999 0.04679995 0.02129995 0.04709994 0.02129995 0.04699999 0.518 0.04649996 0.4969 0.0496 0.4972 0.04649996 0.4969 0.05129998 0.4751 0.0496 0.4972 0.05129998 0.4751 0.04829996 0.4533 0.05119997 0.4532 0.04829996 0.4533 0.0503 0.4328 0.05119997 0.4532 0.05169999 0.4751 0.05119997 0.4532 0.05159997 0.4532 0.05159997 0.4532 0.0503 0.4328 0.05069994 0.4328 0.04549998 0.4121 0.04739999 0.433 0.04709994 0.433 0.04329997 0.3914 0.04589998 0.412 0.04549998 0.4121 0.04609996 0.4969 0.04429996 0.5177 0.04399996 0.5177 0.04799997 0.475 0.04649996 0.4969 0.04609996 0.4969 0.04789996 0.4533 0.04829996 0.475 0.04799997 0.475 0.04709994 0.433 0.04829996 0.4533 0.04789996 0.4533 0.05299997 0.322 0.04989999 0.3435 0.05009996 0.322 0.05259996 0.3017 0.05009996 0.322 0.04979997 0.3019 0.05119997 0.2819 0.04979997 0.3019 0.04829996 0.2822 0.04879999 0.2625 0.04829996 0.2822 0.04629999 0.2627 0.05119997 0.3662 0.04459995 0.3882 0.04789996 0.3658 0.05299997 0.3436 0.04789996 0.3658 0.04989999 0.3435 0.0496 0.3435 0.04789996 0.3658 0.04759997 0.3657 0.05329996 0.3436 0.05299997 0.322 0.05329996 0.322 0.04759997 0.3657 0.04459995 0.3882 0.0442 0.3882 0.04589998 0.2627 0.04829996 0.2822 0.04799997 0.2823 0.05329996 0.322 0.05259996 0.3017 0.05289995 0.3017 0.04799997 0.2823 0.04979997 0.3019 0.04949998 0.3019 0.04639995 0.1337 0.0467 0.1546 0.04369997 0.1341 0.04999995 0.2379 0.04369997 0.2596 0.04679995 0.2376 0.05169999 0.2161 0.04679995 0.2376 0.04869997 0.216 0.05169999 0.1948 0.04869997 0.216 0.04879999 0.1948 0.04839998 0.1747 0.05169999 0.1948 0.04879999 0.1948 0.04809999 0.1747 0.04879999 0.1948 0.04839998 0.1948 0.04839998 0.1948 0.04869997 0.216 0.04839998 0.216 0.04839998 0.216 0.04679995 0.2376 0.04649996 0.2375 0.04649996 0.2375 0.04369997 0.2596 0.04339998 0.2596 0.04339998 0.1341 0.0467 0.1546 0.04639995 0.1547 0.04639995 0.1547 0.04839998 0.1747 0.04809999 0.1747 0.05159997 0.1745 0.0496 0.1542 0.04999995 0.1542 0.001399993 0.01519995 0.01829999 0.04219996 0.006799995 0.06139999 10e-5 0.2451 0.01959997 0.2133 0.01999998 0.2284 0.008099973 0.2727 0.02259999 0.2988 0.009899973 0.3202 0.001599967 0.4004 0.01979994 0.4314 0.007399976 0.4541 0.9898 0.06619995 0.9775 0.0302 0.9941 0.01099997 0.9958 0.2475 0.9799 0.2211 0.9918 0.1998 0.9993 0.2757 0.9816 0.3068 0.9807 0.2923 0.9895 0.4566 0.981 0.4898 0.9765 0.4762 0.3888 0.5265 0.7372 0.5124 0.7372 0.5266 0.723 0.5418 0.3888 0.5265 0.7372 0.5266 0.3888 0.5123 0.723 0.4972 0.7372 0.5124 0.375 0.4974 0.7089 0.482 0.723 0.4972 0.3612 0.4824 0.7089 0.4678 0.7089 0.482 0.7089 0.557 0.375 0.5415 0.723 0.5418 0.3888 0.7068 0.7372 0.6927 0.7372 0.7069 0.723 0.7221 0.3888 0.7068 0.7372 0.7069 0.3888 0.6926 0.723 0.6775 0.7372 0.6927 0.375 0.6777 0.7089 0.6623 0.723 0.6775 0.3612 0.6627 0.7089 0.6481 0.7089 0.6623 0.7089 0.7373 0.375 0.7217 0.723 0.7221 0.7686 0.02799999 0.7827 0.3764 0.7685 0.3764 0.7533 0.3623 0.7686 0.02799999 0.7685 0.3764 0.7827 0.02799999 0.7979 0.3623 0.7827 0.3764 0.7977 0.01429998 0.8131 0.3482 0.7979 0.3623 0.8127 5e-4 0.8273 0.3481 0.8131 0.3482 0.7381 0.3481 0.7536 0.01429998 0.7533 0.3623 5e-4 0.1809 0.3489 0.1956 5e-4 0.1951 0.01459997 0.255 0.3489 0.2697 5e-4 0.2702 0.3489 0.1956 0.01459997 0.2103 5e-4 0.1951 0.3626 0.2106 0.02869999 0.2256 0.01459997 0.2103 0.3764 0.2256 0.02869999 0.2397 0.02869999 0.2256 0.02869999 0.2397 0.3626 0.2547 0.01459997 0.255 0.3489 0.000999987 5e-4 0.01469999 5e-4 5e-4 0.01459997 0.07449996 0.3489 0.08929997 5e-4 0.08969998 0.3489 0.01519995 0.01459997 0.02989995 5e-4 0.01469999 0.3626 0.03009998 0.02869999 0.04509997 0.01459997 0.02989995 0.3764 0.04509997 0.02869999 0.0593 0.02869999 0.04509997 0.02869999 0.0593 0.3626 0.07429999 0.01459997 0.07449996 0.1059 0.3896 0.0909 0.7235 0.09069997 0.3755 0.1201 0.7373 0.1059 0.3896 0.1201 0.3896 0.135 0.7235 0.1201 0.3896 0.1353 0.3755 0.15 0.7098 0.1353 0.3755 0.1504999 0.3614 0.05719995 0.7382 0.04299998 0.9903 0.04299998 0.7382 0.07139998 0.9903 0.05719995 0.7382 0.07139998 0.7382 0.0855 0.9903 0.07139998 0.7382 0.0855 0.7382 0.01469999 0.7382 5e-4 0.9903 5e-4 0.7382 0.04299998 0.9903 0.02879995 0.7382 0.04299998 0.7382 0.971 0.6297 0.9568 0.3777 0.971 0.3777 0.9852 0.6297 0.971 0.3777 0.9852 0.3777 0.02879995 0.7382 0.01469999 0.9903 0.01469999 0.7382 0.9994 0.6297 0.9852 0.3777 0.9994 0.3777 0.9285 0.3777 0.9143 0.6297 0.9143 0.3777 0.9427 0.3777 0.9285 0.6297 0.9285 0.3777 0.9568 0.6297 0.9427 0.3777 0.9568 0.3777 0.8283 0.3777 0.8424 0.6297 0.8283 0.6297 0.8424 0.6297 0.8566 0.3777 0.8566 0.6297 0.8566 0.6297 0.8708 0.3777 0.8708 0.6297 0.8708 0.6297 0.885 0.3777 0.885 0.6297 0.109 0.9903 0.1231999 0.7382 0.1231999 0.9903 0.885 0.3777 0.8992 0.6297 0.885 0.6297 0.8992 0.6297 0.9133 0.3777 0.9133 0.6297 0.09479999 0.7382 0.109 0.9903 0.09479999 0.9903 0.1231999 0.7382 0.1373 0.9903 0.1231999 0.9903 0.1373 0.9903 0.1515 0.7382 0.1515 0.9903 0.1515 0.7382 0.1657 0.9903 0.1515 0.9903 0.1657 0.7382 0.1799 0.9903 0.1657 0.9903 0.1799 0.3756 0.1642 0.7098 0.1647 0.3614 0.1642 0.7098 0.1504999 0.3614 0.1647 0.3614 0.6631 0.02869999 0.6481 0.3626 0.6479 0.01459997 0.6773 0.3764 0.6631 0.02869999 0.6773 0.02869999 0.6923 0.3626 0.6773 0.02869999 0.6925 0.01459997 0.7072 0.3489 0.6925 0.01459997 0.7077 5e-4 0.7371 0.01469999 0.7214 0.3489 0.7219 5e-4 0.7214 0.3489 0.7077 5e-4 0.7219 5e-4 0.4828 0.02869999 0.4678 0.3626 0.4675 0.01459997 0.4969 0.3764 0.4828 0.02869999 0.4969 0.02869999 0.5119 0.3626 0.4969 0.02869999 0.5122 0.01459997 0.5269 0.3489 0.5122 0.01459997 0.5274 5e-4 0.5567 0.01469999 0.5411 0.3489 0.5416 5e-4 0.5411 0.3489 0.5274 5e-4 0.5416 5e-4 0.07449996 0.709 0.08950001 0.3751 0.08969998 0.7232 0.06029999 0.3614 0.07449996 0.709 0.06029999 0.709 0.04529994 0.3751 0.06029999 0.709 0.04509997 0.7232 0.03029996 0.3889 0.04509997 0.7232 0.02979999 0.7373 5e-4 0.7231 0.0162 0.3889 0.01569998 0.7373 0.0162 0.3889 0.02979999 0.7373 0.01569998 0.7373 0.345 0.709 0.36 0.3751 0.3602 0.7232 0.3308 0.3614 0.345 0.709 0.3308 0.709 0.3159 0.3751 0.3308 0.709 0.3156 0.7232 0.3009 0.3889 0.3156 0.7232 0.3004 0.7373 0.271 0.7231 0.2867 0.3889 0.2862 0.7373 0.2867 0.3889 0.3004 0.7373 0.2862 0.7373 0.8131 0.4059 0.7977 0.7398 0.7979 0.3918 0.8269 0.7536 0.8131 0.4059 0.8273 0.406 0.7537 0.7398 0.7381 0.406 0.7533 0.3918 0.7686 0.7261 0.7533 0.3918 0.7685 0.3777 0.7979 0.3918 0.7828 0.7261 0.7827 0.3777 0.7828 0.7261 0.7685 0.3777 0.7827 0.3777 0.2091 0.7676 0.543 0.7826 0.1949999 0.7829 0.5567 0.7535 0.2091 0.7676 0.2091 0.7535 0.543 0.7385 0.2091 0.7535 0.1949999 0.7382 0.5293 0.8118 0.1949999 0.8275 0.1809 0.8123 0.1949999 0.7829 0.5292 0.7976 0.1808 0.7981 0.5292 0.7976 0.1809 0.8123 0.1808 0.7981 0.5871 0.3481 0.6021 0.01419997 0.6023 0.3623 0.5729 5e-4 0.5871 0.3481 0.5729 0.3481 0.558 0.01419997 0.5729 0.3481 0.5577 0.3623 0.6312 0.02799999 0.6469 0.3622 0.6317 0.3764 0.6023 0.3623 0.6171 0.02799999 0.6176 0.3764 0.6171 0.02799999 0.6317 0.3764 0.6176 0.3764 0.4067 0.3481 0.4217 0.01419997 0.422 0.3623 0.3926 5e-4 0.4067 0.3481 0.3926 0.3481 0.3776 0.01419997 0.3926 0.3481 0.3773 0.3623 0.4509 0.02799999 0.4666 0.3622 0.4514 0.3764 0.422 0.3623 0.4367 0.02799999 0.4372 0.3764 0.4367 0.02799999 0.4514 0.3764 0.4372 0.3764 0.2102 0.709 0.2251999 0.3751 0.2255 0.7232 0.1960999 0.3614 0.2102 0.709 0.1960999 0.709 0.1811 0.3751 0.1960999 0.709 0.1808 0.7232 0.2544 0.3889 0.2701 0.7231 0.2549 0.7373 0.2255 0.7232 0.2402 0.3889 0.2407 0.7373 0.2402 0.3889 0.2549 0.7373 0.2407 0.7373 0.6859 0.8568 0.4339 0.8426 0.6859 0.8426 0.4339 0.8426 0.6859 0.8284 0.6859 0.8426 0.4339 0.9135 0.6859 0.8993 0.6859 0.9135 0.4339 0.8993 0.6859 0.8851 0.6859 0.8993 0.1808 0.8426 0.4329 0.8284 0.4329 0.8426 0.4339 0.8851 0.6859 0.871 0.6859 0.8851 0.6859 0.871 0.4339 0.8568 0.6859 0.8568 0.1808 0.8568 0.4329 0.8426 0.4329 0.8568 0.1808 0.9135 0.4329 0.8993 0.4329 0.9135 0.1808 0.8993 0.4329 0.8851 0.4329 0.8993 0.1808 0.8851 0.4329 0.871 0.4329 0.8851 0.1808 0.871 0.4329 0.8568 0.4329 0.871 0.3489 0.3457 5e-4 0.3604 5e-4 0.3462 0.01459997 0.331 0.3489 0.3457 5e-4 0.3462 0.3489 0.2717 0.01459997 0.2864 5e-4 0.2712 0.3626 0.2866 0.02869999 0.3016 0.01459997 0.2864 0.02869999 0.3016 0.3764 0.3158 0.02869999 0.3158 0.02869999 0.3158 0.3626 0.3308 0.01459997 0.331 0.3489 0.1653 5e-4 0.18 5e-4 0.1658 0.01459997 0.1506 0.3489 0.1653 5e-4 0.1658 0.3489 0.09119999 0.01459997 0.1059 5e-4 0.09069997 0.3626 0.1062 0.02869999 0.1212 0.01459997 0.1059 0.3764 0.1212 0.02869999 0.1353 0.02869999 0.1212 0.02869999 0.1353 0.3626 0.1503 0.01459997 0.1506 0.1808 0.9853 0.4329 0.9712 0.4329 0.9853 0.1808 0.9712 0.4329 0.957 0.4329 0.9712 0.4329 0.957 0.1808 0.9428 0.4329 0.9428 0.4329 0.9428 0.1808 0.9286 0.4329 0.9286 0.6869 0.8851 0.9389 0.871 0.9389 0.8851 0.1808 0.9286 0.4329 0.9145 0.4329 0.9286 0.1808 0.9995 0.4329 0.9853 0.4329 0.9995 0.6869 0.8993 0.9389 0.8851 0.9389 0.8993 0.9389 0.871 0.6869 0.8568 0.9389 0.8568 0.9389 0.8568 0.6869 0.8426 0.9389 0.8426 0.6869 0.8426 0.9389 0.8284 0.9389 0.8426 0.6869 0.9135 0.9389 0.8993 0.9389 0.9135 0.3888 0.4223 0.7372 0.4081 0.7372 0.4222 0.723 0.4375 0.3888 0.4223 0.7372 0.4222 0.3888 0.4081 0.723 0.3929 0.7372 0.4081 0.375 0.3932 0.7089 0.3777 0.723 0.3929 0.3612 0.4664 0.7089 0.4527 0.7089 0.4668 0.7089 0.4527 0.375 0.4373 0.723 0.4375 0.7372 0.6025 0.3888 0.5884 0.7372 0.5884 0.723 0.6177 0.3888 0.6026 0.7372 0.6025 0.3888 0.5884 0.723 0.5732 0.7372 0.5884 0.375 0.5735 0.7089 0.558 0.723 0.5732 0.3612 0.6467 0.7089 0.633 0.7089 0.6471 0.7089 0.633 0.375 0.6176 0.723 0.6177 0.8729 0.3489 0.8586 5e-4 0.8728 5e-4 0.888 0.01459997 0.8729 0.3489 0.8728 5e-4 0.8587 0.3489 0.8434 0.01459997 0.8586 5e-4 0.8437 0.3627 0.8282 0.02879995 0.8434 0.01459997 0.917 0.3764 0.9032 0.02879995 0.9174 0.02879995 0.9032 0.02879995 0.8878 0.3626 0.888 0.01459997 0.9552 0.3465 0.9792 0.3473 0.9825 0.362 0.9825 0.362 0.9971 0.3763 0.9596 0.3892 0.9993 0.2757 0.9807 0.2923 0.9566 0.2845 0.9807 0.2923 0.9816 0.3068 0.9547 0.3048 0.9825 0.362 0.9792 0.3473 0.9938 0.3269 0.9816 0.3068 0.9938 0.3269 0.9548 0.3251 0.9938 0.3269 0.9792 0.3473 0.9552 0.3465 0.0205 0.3406 0.02069997 0.3559 10e-5 0.3726 0.9539 0.1784 0.9781 0.179 0.9918 0.1998 0.9918 0.1998 0.9799 0.2211 0.9536 0.2182 0.9799 0.2211 0.9798 0.2352 0.9554 0.2384999 0.9798 0.2352 0.9958 0.2475 0.9583 0.2604 0.9918 0.1998 0.9781 0.179 0.9819 0.165 0.9999 0.1457 0.9819 0.165 0.9557 0.1565 0.9819 0.165 0.9781 0.179 0.9539 0.1784 0.008499979 0.1928 0.005199968 0.1450999 0.01919996 0.1592 0.007399976 0.4541 0.01979994 0.4314 0.046 0.4331 10e-5 0.5066 0.007399976 0.4541 0.01959997 0.4743 0.01959997 0.4743 0.007399976 0.4541 0.04649996 0.4532 0.04479998 0.4968 0.01949995 0.4899 0.01959997 0.4743 10e-5 0.5066 0.01949995 0.4899 0.04479998 0.4968 0.04389995 0.4122 0.02009999 0.4173 0.001599967 0.4004 0.01829999 0.04219996 0.01779997 0.02709996 0.04199999 0.02209997 0.04409998 0.0629 0.006799995 0.06139999 0.01829999 0.04219996 0.01769995 0.08099997 0.006799995 0.06139999 0.04409998 0.0629 0.01829999 0.0952 0.01769995 0.08099997 0.04369997 0.08359998 0.9971 0.4066 0.9895 0.4566 0.9784 0.4371 0.01979994 0.4314 0.02009999 0.4173 0.04389995 0.4122 0.01769995 0.08099997 0.01829999 0.0952 10e-5 0.1107 0.01779997 0.02709996 0.001399993 0.01519995 0.03869998 0.001299977 10e-5 0.1107 0.01829999 0.0952 0.04179996 0.1037999 0.979 0.1017 0.9748 0.08789998 0.9898 0.06619995 0.04589998 0.412 0.04369997 0.3913 0.04639995 0.3911 0.9468 0.1323 0.04499995 0.1249 0.04799997 0.1046 0.04839998 0.02109998 0.04469996 2e-4 0.9465 10e-5 0.04739999 0.433 0.04589998 0.412 0.04889994 0.4117 0.04799997 0.1046 0.05009996 0.08399999 0.9431 0.08689999 0.04949998 0.3019 0.04979997 0.3019 0.05009996 0.322 0.05009996 0.08399999 0.05059999 0.06299996 0.9428 0.0661 0.05069994 0.4328 0.0503 0.4328 0.04889994 0.4117 0.9428 0.0661 0.05059999 0.06299996 0.05049997 0.04189997 0.05049997 0.04189997 0.04839998 0.02109998 0.9443 0.02179998 0.04069995 0.1234 0.04359996 0.104 0.04639995 0.1044 0.0521 0.4328 0.05079996 0.4115 0.9479 0.4136 0.9479 0.4136 0.05079996 0.4115 0.0478 0.3902 0.9468 0.4747 0.9482 0.4747 0.9501 0.4963 0.0485 0.5189 0.05129998 0.4975 0.9484 0.4965 0.05129998 0.4975 0.05349999 0.4752 0.9468 0.4747 0.0467 0.1546 0.0496 0.1542 0.05129998 0.1745 0.05349999 0.4752 0.05279999 0.4532 0.9468 0.4546 0.04919999 0.4117 0.04889994 0.4117 0.04639995 0.3911 0.05279999 0.4532 0.0521 0.4328 0.9468 0.4348 0.05289995 0.3017 0.05259996 0.3017 0.05119997 0.2819 0.9484 0.1558 0.9472 0.1782 0.05269998 0.1744 0.9513 0.1327 0.9484 0.1558 0.05149996 0.154 0.04359996 0.1238 0.04319995 0.1238 0.04639995 0.1044 0.9486 0.2393 0.9515 0.2611 0.04819995 0.261 0.9519 0.435 0.9505 0.4349 0.9524 0.414 0.9475 0.2184 0.9486 0.2393 0.05199998 0.2382 0.9473 0.1987 0.9475 0.2184 0.05329996 0.2161999 0.9484 0.4965 0.9501 0.4963 0.9546 0.5176 0.05269998 0.1744 0.9472 0.1782 0.9473 0.1987 0.9482 0.3251 0.9482 0.3468 0.05489999 0.3436 0.04999995 0.1542 0.0496 0.1542 0.04639995 0.1337 0.9487 0.3046 0.9482 0.3251 0.05479997 0.322 0.954 0.4142 0.9524 0.414 0.9555 0.3923 0.9496 0.2838 0.9487 0.3046 0.05409997 0.3017 0.04739999 0.518 0.04699999 0.518 0.0496 0.4972 0.9525 0.2614 0.9496 0.2838 0.05299997 0.2818 0.04969996 0.322 0.05009996 0.322 0.04989999 0.3435 0.9501 0.3687 0.9538 0.3899 0.04909998 0.3898 0.9482 0.3468 0.9501 0.3687 0.05329996 0.3664 0.04709994 0.02129995 0.04679995 0.02129995 0.04299998 0.001399993 0.9585 0.5177 0.9571 0.5171 0.953 0.4958 0.9479 0.4136 0.9514 0.3907 0.953 0.3919 0.9518 0.4545 0.9519 0.435 0.9784 0.4371 0.9522 0.4743 0.9518 0.4545 0.9895 0.4566 0.9546 0.4955 0.9522 0.4743 0.9765 0.4762 0.9585 0.5177 0.9546 0.4955 0.981 0.4898 0.954 0.4142 0.9574 0.3916 0.9971 0.4066 0.9519 0.435 0.954 0.4142 0.978 0.4227 0.04699999 0.2601 0.04659998 0.26 0.04999995 0.2379 0.9522 0.4743 0.9546 0.4955 0.953 0.4958 0.05149996 0.2819 0.05119997 0.2819 0.04879999 0.2625 0.04319995 0.104 0.04359996 0.104 0.04069995 0.1234 0.9499 0.0442 0.9509 0.0223 0.9775 0.0302 0.9898 0.06619995 0.9492 0.0661 0.9499 0.0442 0.9495 0.0866 0.9492 0.0661 0.9898 0.06619995 0.9515 0.1083 0.9495 0.0866 0.9748 0.08789998 0.9509 0.0223 0.9532 9e-4 0.9941 0.01099997 0.996 0.1217 0.9536 0.1313 0.9515 0.1083 0.04699999 0.1747 0.04699999 0.1948 0.008499979 0.1928 0.04699999 0.1948 0.04699999 0.2159 0.01959997 0.2133 0.04699999 0.2159 0.0449 0.2373999 0.01999998 0.2284 0.0449 0.2373999 0.04199999 0.2601 10e-5 0.2451 0.04209995 0.1335999 0.0449 0.1547999 0.01919996 0.1592 0.0449 0.1547999 0.04699999 0.1747 0.023 0.1726 0.04809999 0.3434 0.04589998 0.3655 0.02069997 0.3559 0.04589998 0.3655 0.04279994 0.3888 10e-5 0.3726 0.04429996 0.262 0.04679995 0.2824 0.02309995 0.285 0.04679995 0.2824 0.04809999 0.3019 0.02259999 0.2988 0.04809999 0.3019 0.04829996 0.322 0.009899973 0.3202 0.04829996 0.322 0.04809999 0.3434 0.0205 0.3406 0.9518 0.4545 0.9522 0.4743 0.9508 0.4745 0.9468 0.4348 0.9479 0.4136 0.9495 0.4137 0.05039995 0.238 0.04999995 0.2379 0.05169999 0.2161 0.0521 0.2161 0.05169999 0.2161 0.05169999 0.1948 0.9518 0.4545 0.9506 0.4545 0.9505 0.4349 0.9509 0.0223 0.9499 0.0442 0.9481 0.04409998 0.05199998 0.1948 0.05169999 0.1948 0.05129998 0.1745 0.04679995 0.1045 0.04639995 0.1044 0.04829996 0.08389997 0.9442 0.1089 0.9459 0.1088 0.9485 0.131 0.9443 0.02179998 0.9457 0.02189999 0.9443 0.04399996 0.9495 0.0866 0.9515 0.1083 0.9499 0.1084 0.9428 0.0661 0.944 0.0661 0.9446 0.08679997 0.9492 0.0661 0.9495 0.0866 0.9483 0.08669996 0.9443 0.02179998 0.9465 10e-5 0.9481 0.001299977 0.9536 0.1313 0.9522 0.1307 0.9499 0.1084 0.948 0.4348 0.9495 0.4137 0.9524 0.414 0.9495 0.4137 0.953 0.3919 0.9555 0.3923 0.9546 0.5176 0.9501 0.4963 0.953 0.4958 0.9501 0.4963 0.9482 0.4747 0.9508 0.4745 0.9482 0.4747 0.9481 0.4546 0.9506 0.4545 0.9481 0.4546 0.948 0.4348 0.9505 0.4349 0.04699999 0.1747 0.0449 0.1547999 0.04639995 0.1547 0.05369997 0.1948 0.05329996 0.2161999 0.0521 0.2161 0.04699999 0.1948 0.04839998 0.1948 0.04839998 0.216 0.04819995 0.261 0.04699999 0.2601 0.05039995 0.238 0.0449 0.1547999 0.04209995 0.1335999 0.04339998 0.1341 0.05479997 0.322 0.05489999 0.3436 0.05329996 0.3436 0.05489999 0.3436 0.05329996 0.3664 0.05159997 0.3662 0.04829996 0.322 0.04969996 0.322 0.0496 0.3435 0.04279994 0.3888 0.04589998 0.3655 0.04759997 0.3657 0.05299997 0.2818 0.05149996 0.2819 0.04909998 0.2624 0.04809999 0.3019 0.04949998 0.3019 0.04969996 0.322 0.03999996 0.001799941 0.04029995 0.001699984 0.04389995 0.02179998 0.9547 0.3048 0.9535 0.3048 0.955 0.2843 0.9487 0.3046 0.9499 0.3047 0.9497 0.3251 0.9552 0.3465 0.9568 0.3678 0.9552 0.368 0.9538 0.3899 0.9501 0.3687 0.9515 0.3685 0.9547 0.3048 0.9548 0.3251 0.9533 0.3251 0.9513 0.1327 0.9525 0.1335999 0.9501 0.1559 0.9557 0.1565 0.954 0.1563 0.9562 0.134 0.9536 0.2182 0.9524 0.2182 0.9519 0.1987 0.9473 0.1987 0.9484 0.1987 0.9489 0.2184 0.9539 0.1784 0.9524 0.1783 0.954 0.1563 0.04999995 0.4973 0.0496 0.4972 0.05129998 0.4751 0.03869998 0.001299977 0.03999996 0.001799941 0.04349994 0.02189999 0.05059999 0.06299996 0.04919999 0.0629 0.04889994 0.04199999 0.0442 0.04229998 0.04529994 0.04219996 0.04549998 0.0629 0.04799997 0.1046 0.04679995 0.1045 0.04869997 0.08389997 0.04179996 0.1037999 0.04319995 0.104 0.04039996 0.1234 0.04789996 0.3888 0.04759997 0.3887 0.05119997 0.3662 0.05159997 0.3662 0.05119997 0.3662 0.05299997 0.3436 0.05279999 0.4532 0.05349999 0.4752 0.05169999 0.4751 0.046 0.4331 0.04389995 0.4122 0.04549998 0.4121 0.0485 0.5189 0.04739999 0.518 0.04999995 0.4973 0.04479998 0.4968 0.04619997 0.475 0.04799997 0.475 0.9468 0.4546 0.9481 0.4546 0.9482 0.4747 0.9428 0.0661 0.9425 0.04399996 0.9443 0.04399996 0.9486 0.2393 0.9502 0.2391999 0.953 0.2599 0.04799997 0.1046 0.04499995 0.1249 0.04359996 0.1238 0.0521 0.4328 0.05069994 0.4328 0.04919999 0.4117 0.05269998 0.1744 0.05159997 0.1745 0.04999995 0.1542 0.04409998 0.0629 0.04549998 0.0629 0.04509997 0.0837 0.04839998 0.02109998 0.05049997 0.04189997 0.04889994 0.04199999 0.9468 0.4348 0.948 0.4348 0.9481 0.4546 0.04699999 0.1747 0.04809999 0.1747 0.04839998 0.1948 0.9492 0.0661 0.9477 0.0661 0.9481 0.04409998 0.05009996 0.08399999 0.04869997 0.08389997 0.04919999 0.0629 0.05279999 0.4532 0.05159997 0.4532 0.05069994 0.4328 0.05269998 0.1744 0.05369997 0.1948 0.05199998 0.1948 0.04179996 0.1037999 0.04369997 0.08359998 0.04509997 0.0837 0.9536 0.2182 0.9554 0.2384999 0.9539 0.2387 0.04839998 0.02109998 0.04709994 0.02129995 0.04329997 0.001299977 0.04199999 0.2601 0.0449 0.2373999 0.04649996 0.2375 0.9509 0.0223 0.9495 0.02219998 0.9514 0.001599967 0.9472 0.1782 0.9484 0.1558 0.9501 0.1559 0.05329996 0.2161999 0.05199998 0.2382 0.05039995 0.238 0.0442 0.04229998 0.04199999 0.02209997 0.04349994 0.02189999 0.9473 0.1987 0.9472 0.1782 0.9487 0.1782 0.9487 0.3046 0.9496 0.2838 0.9512 0.2839 0.05149996 0.154 0.04999995 0.1542 0.0467 0.1337 0.9554 0.2384999 0.9583 0.2604 0.9565 0.2596 0.9596 0.3892 0.9583 0.3887 0.9552 0.368 0.9475 0.2184 0.9489 0.2184 0.9502 0.2391999 0.9548 0.3251 0.9552 0.3465 0.9537 0.3466 0.9533 0.1988 0.9519 0.1987 0.9524 0.1783 0.9482 0.3251 0.9497 0.3251 0.95 0.3468 0.9501 0.3687 0.9482 0.3468 0.95 0.3468 0.9566 0.2845 0.955 0.2843 0.9576 0.263 0.04479998 0.4968 0.04609996 0.4969 0.04399996 0.5177 0.05129998 0.4975 0.04999995 0.4973 0.05169999 0.4751 0.046 0.4331 0.04709994 0.433 0.04789996 0.4533 0.05409997 0.3017 0.05479997 0.322 0.05329996 0.322 0.04809999 0.3434 0.0496 0.3435 0.04759997 0.3657 0.04199999 0.3908 0.04329997 0.3914 0.04549998 0.4121 0.04909998 0.3898 0.04789996 0.3888 0.05159997 0.3662 0.9496 0.2838 0.9525 0.2614 0.9541 0.2626 0.0478 0.3902 0.05079996 0.4115 0.04919999 0.4117 0.04809999 0.3019 0.04679995 0.2824 0.04799997 0.2823 0.9431 0.08689999 0.9446 0.08679997 0.9459 0.1088 0.05409997 0.3017 0.05289995 0.3017 0.05149996 0.2819 0.04649996 0.4532 0.04789996 0.4533 0.04799997 0.475 0.04699999 0.2159 0.04839998 0.216 0.04649996 0.2375 0.04679995 0.2824 0.04429996 0.262 0.04589998 0.2627 0.9446 0.08679997 0.9449 0.08679997 0.9463 0.1088 0.9481 0.001299977 0.9484 0.001299977 0.946 0.02189999 0.9459 0.1088 0.9463 0.1088 0.9488 0.131 0.9522 0.1307 0.9518 0.1307 0.9495 0.1085 0.9495 0.02219998 0.9492 0.02219998 0.9511 0.001599967 0.9499 0.1084 0.9495 0.1085 0.9479 0.08669996 0.9483 0.08669996 0.9479 0.08669996 0.9474 0.0661 0.9477 0.0661 0.9474 0.0661 0.9477 0.04409998 0.9518 0.1307 0.9488 0.131 0.9463 0.1088 0.946 0.02189999 0.9484 0.001299977 0.9511 0.001599967 0.9463 0.1088 0.9449 0.08679997 0.9479 0.08669996 0.9449 0.08679997 0.9443 0.0661 0.9474 0.0661 0.9474 0.0661 0.9443 0.0661 0.9447 0.04399996 0.9447 0.04399996 0.946 0.02189999 0.9492 0.02219998 0.944 0.0661 0.9443 0.0661 0.9449 0.08679997 0.9443 0.04399996 0.9447 0.04399996 0.9443 0.0661 0.9457 0.02189999 0.946 0.02189999 0.9447 0.04399996 0.9481 0.04409998 0.9477 0.04409998 0.9492 0.02219998 0.9484 0.1987 0.9488 0.1987 0.9493 0.2184 0.9489 0.2184 0.9493 0.2184 0.9505 0.2391 0.9502 0.2391999 0.9505 0.2391 0.9533 0.2599 0.9525 0.1335999 0.9529 0.1335999 0.9504 0.156 0.9501 0.1559 0.9504 0.156 0.9491 0.1782 0.9537 0.1563 0.9521 0.1783 0.9491 0.1782 0.9559 0.134 0.9537 0.1563 0.9504 0.156 0.9505 0.2391 0.9535 0.2387 0.9561 0.2596 0.9521 0.2183 0.9535 0.2387 0.9505 0.2391 0.9516 0.1987 0.9521 0.2183 0.9493 0.2184 0.9491 0.1782 0.9521 0.1783 0.9516 0.1987 0.9487 0.1782 0.9491 0.1782 0.9488 0.1987 0.9524 0.1783 0.9521 0.1783 0.9537 0.1563 0.954 0.1563 0.9537 0.1563 0.9559 0.134 0.9565 0.2596 0.9561 0.2596 0.9535 0.2387 0.9539 0.2387 0.9535 0.2387 0.9521 0.2183 0.9524 0.2182 0.9521 0.2183 0.9516 0.1987 0.9519 0.1987 0.9516 0.1987 0.9521 0.1783 0.95 0.3468 0.9503 0.3467 0.9518 0.3685 0.9515 0.3685 0.9518 0.3685 0.9551 0.389 0.9541 0.2626 0.9544 0.2626 0.9516 0.2839 0.9512 0.2839 0.9516 0.2839 0.9502 0.3047 0.9499 0.3047 0.9502 0.3047 0.95 0.3251 0.953 0.3251 0.9534 0.3466 0.9503 0.3467 0.9532 0.3048 0.953 0.3251 0.95 0.3251 0.9547 0.2843 0.9532 0.3048 0.9502 0.3047 0.9573 0.263 0.9547 0.2843 0.9516 0.2839 0.9549 0.3681 0.9579 0.3887 0.9551 0.389 0.9503 0.3467 0.9534 0.3466 0.9549 0.3681 0.9537 0.3466 0.9534 0.3466 0.953 0.3251 0.9533 0.3251 0.953 0.3251 0.9532 0.3048 0.9535 0.3048 0.9532 0.3048 0.9547 0.2843 0.955 0.2843 0.9547 0.2843 0.9573 0.263 0.9583 0.3887 0.9579 0.3887 0.9549 0.3681 0.9552 0.368 0.9549 0.3681 0.9534 0.3466 0.9497 0.3251 0.95 0.3251 0.9503 0.3467 0.04389995 0.02179998 0.04029995 0.001699984 0.04299998 0.001399993 0.04359996 0.104 0.04549998 0.0837 0.04829996 0.08389997 0.04549998 0.0837 0.04589998 0.0629 0.04879999 0.0629 0.04879999 0.0629 0.04589998 0.0629 0.04569995 0.04219996 0.04569995 0.04219996 0.04389995 0.02179998 0.04679995 0.02129995 0.04509997 0.0837 0.04549998 0.0837 0.04359996 0.104 0.04869997 0.08389997 0.04829996 0.08389997 0.04879999 0.0629 0.04549998 0.0629 0.04589998 0.0629 0.04549998 0.0837 0.04529994 0.04219996 0.04569995 0.04219996 0.04589998 0.0629 0.04919999 0.0629 0.04879999 0.0629 0.0485 0.04199999 0.04349994 0.02189999 0.04389995 0.02179998 0.04569995 0.04219996 0.04889994 0.04199999 0.0485 0.04199999 0.04679995 0.02129995 0.04699999 0.518 0.04429996 0.5177 0.04649996 0.4969 0.04649996 0.4969 0.04829996 0.475 0.05129998 0.4751 0.05129998 0.4751 0.04829996 0.475 0.04829996 0.4533 0.04829996 0.4533 0.04739999 0.433 0.0503 0.4328 0.05169999 0.4751 0.05129998 0.4751 0.05119997 0.4532 0.05159997 0.4532 0.05119997 0.4532 0.0503 0.4328 0.04549998 0.4121 0.04589998 0.412 0.04739999 0.433 0.04329997 0.3914 0.04369997 0.3913 0.04589998 0.412 0.04609996 0.4969 0.04649996 0.4969 0.04429996 0.5177 0.04799997 0.475 0.04829996 0.475 0.04649996 0.4969 0.04789996 0.4533 0.04829996 0.4533 0.04829996 0.475 0.04709994 0.433 0.04739999 0.433 0.04829996 0.4533 0.05299997 0.322 0.05299997 0.3436 0.04989999 0.3435 0.05259996 0.3017 0.05299997 0.322 0.05009996 0.322 0.05119997 0.2819 0.05259996 0.3017 0.04979997 0.3019 0.04879999 0.2625 0.05119997 0.2819 0.04829996 0.2822 0.05119997 0.3662 0.04759997 0.3887 0.04459995 0.3882 0.05299997 0.3436 0.05119997 0.3662 0.04789996 0.3658 0.0496 0.3435 0.04989999 0.3435 0.04789996 0.3658 0.05329996 0.3436 0.05299997 0.3436 0.05299997 0.322 0.04759997 0.3657 0.04789996 0.3658 0.04459995 0.3882 0.04589998 0.2627 0.04629999 0.2627 0.04829996 0.2822 0.05329996 0.322 0.05299997 0.322 0.05259996 0.3017 0.04799997 0.2823 0.04829996 0.2822 0.04979997 0.3019 0.04639995 0.1337 0.0496 0.1542 0.0467 0.1546 0.04999995 0.2379 0.04659998 0.26 0.04369997 0.2596 0.05169999 0.2161 0.04999995 0.2379 0.04679995 0.2376 0.05169999 0.1948 0.05169999 0.2161 0.04869997 0.216 0.04839998 0.1747 0.05129998 0.1745 0.05169999 0.1948 0.04809999 0.1747 0.04839998 0.1747 0.04879999 0.1948 0.04839998 0.1948 0.04879999 0.1948 0.04869997 0.216 0.04839998 0.216 0.04869997 0.216 0.04679995 0.2376 0.04649996 0.2375 0.04679995 0.2376 0.04369997 0.2596 0.04339998 0.1341 0.04369997 0.1341 0.0467 0.1546 0.04639995 0.1547 0.0467 0.1546 0.04839998 0.1747 0.05159997 0.1745 0.05129998 0.1745 0.0496 0.1542 0.001399993 0.01519995 0.01779997 0.02709996 0.01829999 0.04219996 10e-5 0.2451 0.008499979 0.1928 0.01959997 0.2133 0.008099973 0.2727 0.02309995 0.285 0.02259999 0.2988 0.001599967 0.4004 0.02009999 0.4173 0.01979994 0.4314 0.9898 0.06619995 0.9743 0.04439997 0.9775 0.0302 0.9958 0.2475 0.9798 0.2352 0.9799 0.2211 0.9993 0.2757 0.9938 0.3269 0.9816 0.3068 0.9895 0.4566 0.996 0.5034 0.981 0.4898 0.3888 0.5265 0.3888 0.5123 0.7372 0.5124 0.723 0.5418 0.375 0.5415 0.3888 0.5265 0.3888 0.5123 0.375 0.4974 0.723 0.4972 0.375 0.4974 0.3612 0.4824 0.7089 0.482 0.3612 0.4824 0.3612 0.4682 0.7089 0.4678 0.7089 0.557 0.3612 0.5564 0.375 0.5415 0.3888 0.7068 0.3888 0.6926 0.7372 0.6927 0.723 0.7221 0.375 0.7217 0.3888 0.7068 0.3888 0.6926 0.375 0.6777 0.723 0.6775 0.375 0.6777 0.3612 0.6627 0.7089 0.6623 0.3612 0.6627 0.3612 0.6485 0.7089 0.6481 0.7089 0.7373 0.3612 0.7367 0.375 0.7217 0.7686 0.02799999 0.7827 0.02799999 0.7827 0.3764 0.7533 0.3623 0.7536 0.01429998 0.7686 0.02799999 0.7827 0.02799999 0.7977 0.01429998 0.7979 0.3623 0.7977 0.01429998 0.8127 5e-4 0.8131 0.3482 0.8127 5e-4 0.8268 5e-4 0.8273 0.3481 0.7381 0.3481 0.7387 5e-4 0.7536 0.01429998 5e-4 0.1809 0.3489 0.1814 0.3489 0.1956 0.01459997 0.255 0.3626 0.2547 0.3489 0.2697 0.3489 0.1956 0.3626 0.2106 0.01459997 0.2103 0.3626 0.2106 0.3764 0.2256 0.02869999 0.2256 0.3764 0.2256 0.3764 0.2397 0.02869999 0.2397 0.02869999 0.2397 0.3764 0.2397 0.3626 0.2547 0.3489 0.000999987 0.3489 0.01519995 5e-4 0.01469999 0.01459997 0.07449996 0.3626 0.07429999 0.3489 0.08929997 0.3489 0.01519995 0.3626 0.03009998 0.01459997 0.02989995 0.3626 0.03009998 0.3764 0.04509997 0.02869999 0.04509997 0.3764 0.04509997 0.3764 0.0593 0.02869999 0.0593 0.02869999 0.0593 0.3764 0.0593 0.3626 0.07429999 0.1059 0.3896 0.1059 0.7373 0.0909 0.7235 0.1201 0.7373 0.1059 0.7373 0.1059 0.3896 0.135 0.7235 0.1201 0.7373 0.1201 0.3896 0.15 0.7098 0.135 0.7235 0.1353 0.3755 0.05719995 0.7382 0.05719995 0.9903 0.04299998 0.9903 0.07139998 0.9903 0.05719995 0.9903 0.05719995 0.7382 0.0855 0.9903 0.07139998 0.9903 0.07139998 0.7382 0.01469999 0.7382 0.01469999 0.9903 5e-4 0.9903 0.04299998 0.9903 0.02879995 0.9903 0.02879995 0.7382 0.971 0.6297 0.9568 0.6297 0.9568 0.3777 0.9852 0.6297 0.971 0.6297 0.971 0.3777 0.02879995 0.7382 0.02879995 0.9903 0.01469999 0.9903 0.9994 0.6297 0.9852 0.6297 0.9852 0.3777 0.9285 0.3777 0.9285 0.6297 0.9143 0.6297 0.9427 0.3777 0.9427 0.6297 0.9285 0.6297 0.9568 0.6297 0.9427 0.6297 0.9427 0.3777 0.8283 0.3777 0.8424 0.3777 0.8424 0.6297 0.8424 0.6297 0.8424 0.3777 0.8566 0.3777 0.8566 0.6297 0.8566 0.3777 0.8708 0.3777 0.8708 0.6297 0.8708 0.3777 0.885 0.3777 0.109 0.9903 0.109 0.7382 0.1231999 0.7382 0.885 0.3777 0.8992 0.3777 0.8992 0.6297 0.8992 0.6297 0.8992 0.3777 0.9133 0.3777 0.09479999 0.7382 0.109 0.7382 0.109 0.9903 0.1231999 0.7382 0.1373 0.7382 0.1373 0.9903 0.1373 0.9903 0.1373 0.7382 0.1515 0.7382 0.1515 0.7382 0.1657 0.7382 0.1657 0.9903 0.1657 0.7382 0.1799 0.7382 0.1799 0.9903 0.1799 0.3756 0.1791 0.7236 0.1642 0.7098 0.1642 0.7098 0.15 0.7098 0.1504999 0.3614 0.6631 0.02869999 0.6631 0.3764 0.6481 0.3626 0.6773 0.3764 0.6631 0.3764 0.6631 0.02869999 0.6923 0.3626 0.6773 0.3764 0.6773 0.02869999 0.7072 0.3489 0.6923 0.3626 0.6925 0.01459997 0.7371 0.01469999 0.7364 0.3627 0.7214 0.3489 0.7214 0.3489 0.7072 0.3489 0.7077 5e-4 0.4828 0.02869999 0.4828 0.3764 0.4678 0.3626 0.4969 0.3764 0.4828 0.3764 0.4828 0.02869999 0.5119 0.3626 0.4969 0.3764 0.4969 0.02869999 0.5269 0.3489 0.5119 0.3626 0.5122 0.01459997 0.5567 0.01469999 0.556 0.3627 0.5411 0.3489 0.5411 0.3489 0.5269 0.3489 0.5274 5e-4 0.07449996 0.709 0.07449996 0.3614 0.08950001 0.3751 0.06029999 0.3614 0.07449996 0.3614 0.07449996 0.709 0.04529994 0.3751 0.06029999 0.3614 0.06029999 0.709 0.03029996 0.3889 0.04529994 0.3751 0.04509997 0.7232 5e-4 0.7231 0.00119996 0.3751 0.0162 0.3889 0.0162 0.3889 0.03029996 0.3889 0.02979999 0.7373 0.345 0.709 0.345 0.3614 0.36 0.3751 0.3308 0.3614 0.345 0.3614 0.345 0.709 0.3159 0.3751 0.3308 0.3614 0.3308 0.709 0.3009 0.3889 0.3159 0.3751 0.3156 0.7232 0.271 0.7231 0.2718 0.3751 0.2867 0.3889 0.2867 0.3889 0.3009 0.3889 0.3004 0.7373 0.8131 0.4059 0.8127 0.7536 0.7977 0.7398 0.8269 0.7536 0.8127 0.7536 0.8131 0.4059 0.7537 0.7398 0.7387 0.7536 0.7381 0.406 0.7686 0.7261 0.7537 0.7398 0.7533 0.3918 0.7979 0.3918 0.7977 0.7398 0.7828 0.7261 0.7828 0.7261 0.7686 0.7261 0.7685 0.3777 0.2091 0.7676 0.5567 0.7676 0.543 0.7826 0.5567 0.7535 0.5567 0.7676 0.2091 0.7676 0.543 0.7385 0.5567 0.7535 0.2091 0.7535 0.5293 0.8118 0.5431 0.8267 0.1949999 0.8275 0.1949999 0.7829 0.543 0.7826 0.5292 0.7976 0.5292 0.7976 0.5293 0.8118 0.1809 0.8123 0.5871 0.3481 0.5871 5e-4 0.6021 0.01419997 0.5729 5e-4 0.5871 5e-4 0.5871 0.3481 0.558 0.01419997 0.5729 5e-4 0.5729 0.3481 0.6312 0.02799999 0.6462 0.01419997 0.6469 0.3622 0.6023 0.3623 0.6021 0.01419997 0.6171 0.02799999 0.6171 0.02799999 0.6312 0.02799999 0.6317 0.3764 0.4067 0.3481 0.4067 5e-4 0.4217 0.01419997 0.3926 5e-4 0.4067 5e-4 0.4067 0.3481 0.3776 0.01419997 0.3926 5e-4 0.3926 0.3481 0.4509 0.02799999 0.4658 0.01419997 0.4666 0.3622 0.422 0.3623 0.4217 0.01419997 0.4367 0.02799999 0.4367 0.02799999 0.4509 0.02799999 0.4514 0.3764 0.2102 0.709 0.2103 0.3614 0.2251999 0.3751 0.1960999 0.3614 0.2103 0.3614 0.2102 0.709 0.1811 0.3751 0.1960999 0.3614 0.1960999 0.709 0.2544 0.3889 0.2693 0.3751 0.2701 0.7231 0.2255 0.7232 0.2251999 0.3751 0.2402 0.3889 0.2402 0.3889 0.2544 0.3889 0.2549 0.7373 0.6859 0.8568 0.4339 0.8568 0.4339 0.8426 0.4339 0.8426 0.4339 0.8284 0.6859 0.8284 0.4339 0.9135 0.4339 0.8993 0.6859 0.8993 0.4339 0.8993 0.4339 0.8851 0.6859 0.8851 0.1808 0.8426 0.1808 0.8284 0.4329 0.8284 0.4339 0.8851 0.4339 0.871 0.6859 0.871 0.6859 0.871 0.4339 0.871 0.4339 0.8568 0.1808 0.8568 0.1808 0.8426 0.4329 0.8426 0.1808 0.9135 0.1808 0.8993 0.4329 0.8993 0.1808 0.8993 0.1808 0.8851 0.4329 0.8851 0.1808 0.8851 0.1808 0.871 0.4329 0.871 0.1808 0.871 0.1808 0.8568 0.4329 0.8568 0.3489 0.3457 0.3489 0.3599 5e-4 0.3604 0.01459997 0.331 0.3626 0.3308 0.3489 0.3457 0.3489 0.2717 0.3626 0.2866 0.01459997 0.2864 0.3626 0.2866 0.3764 0.3016 0.02869999 0.3016 0.02869999 0.3016 0.3764 0.3016 0.3764 0.3158 0.02869999 0.3158 0.3764 0.3158 0.3626 0.3308 0.3489 0.1653 0.3489 0.1795 5e-4 0.18 0.01459997 0.1506 0.3626 0.1503 0.3489 0.1653 0.3489 0.09119999 0.3626 0.1062 0.01459997 0.1059 0.3626 0.1062 0.3764 0.1212 0.02869999 0.1212 0.3764 0.1212 0.3764 0.1353 0.02869999 0.1353 0.02869999 0.1353 0.3764 0.1353 0.3626 0.1503 0.1808 0.9853 0.1808 0.9712 0.4329 0.9712 0.1808 0.9712 0.1808 0.957 0.4329 0.957 0.4329 0.957 0.1808 0.957 0.1808 0.9428 0.4329 0.9428 0.1808 0.9428 0.1808 0.9286 0.6869 0.8851 0.6869 0.871 0.9389 0.871 0.1808 0.9286 0.1808 0.9145 0.4329 0.9145 0.1808 0.9995 0.1808 0.9853 0.4329 0.9853 0.6869 0.8993 0.6869 0.8851 0.9389 0.8851 0.9389 0.871 0.6869 0.871 0.6869 0.8568 0.9389 0.8568 0.6869 0.8568 0.6869 0.8426 0.6869 0.8426 0.6869 0.8284 0.9389 0.8284 0.6869 0.9135 0.6869 0.8993 0.9389 0.8993 0.3888 0.4223 0.3888 0.4081 0.7372 0.4081 0.723 0.4375 0.375 0.4373 0.3888 0.4223 0.3888 0.4081 0.375 0.3932 0.723 0.3929 0.375 0.3932 0.3612 0.3782 0.7089 0.3777 0.3612 0.4664 0.3612 0.4522 0.7089 0.4527 0.7089 0.4527 0.3612 0.4522 0.375 0.4373 0.7372 0.6025 0.3888 0.6026 0.3888 0.5884 0.723 0.6177 0.375 0.6176 0.3888 0.6026 0.3888 0.5884 0.375 0.5735 0.723 0.5732 0.375 0.5735 0.3612 0.5585 0.7089 0.558 0.3612 0.6467 0.3612 0.6325 0.7089 0.633 0.7089 0.633 0.3612 0.6325 0.375 0.6176 0.8729 0.3489 0.8587 0.3489 0.8586 5e-4 0.888 0.01459997 0.8878 0.3626 0.8729 0.3489 0.8587 0.3489 0.8437 0.3627 0.8434 0.01459997 0.8437 0.3627 0.8288 0.3764 0.8282 0.02879995 0.917 0.3764 0.9028 0.3764 0.9032 0.02879995 0.9032 0.02879995 0.9028 0.3764 0.8878 0.3626</float_array>
          <technique_common>
            <accessor source="#Cylinder_001-mesh-map-0-array" count="2904" stride="2">
              <param name="S" type="float"/>
              <param name="T" type="float"/>
            </accessor>
          </technique_common>
        </source>
        <vertices id="Cylinder_001-mesh-vertices">
          <input semantic="POSITION" source="#Cylinder_001-mesh-positions"/>
        </vertices>
        <polylist material="Material_003-material" count="632">
          <input semantic="VERTEX" source="#Cylinder_001-mesh-vertices" offset="0"/>
          <input semantic="NORMAL" source="#Cylinder_001-mesh-normals" offset="1"/>
          <input semantic="TEXCOORD" source="#Cylinder_001-mesh-map-0" offset="2" set="0"/>
          <vcount>3 3 3 3 3 3 3 3 3 3 3 3 3 3 3 3 3 3 3 3 3 3 3 3 3 3 3 3 3 3 3 3 3 3 3 3 3 3 3 3 3 3 3 3 3 3 3 3 3 3 3 3 3 3 3 3 3 3 3 3 3 3 3 3 3 3 3 3 3 3 3 3 3 3 3 3 3 3 3 3 3 3 3 3 3 3 3 3 3 3 3 3 3 3 3 3 3 3 3 3 3 3 3 3 3 3 3 3 3 3 3 3 3 3 3 3 3 3 3 3 3 3 3 3 3 3 3 3 3 3 3 3 3 3 3 3 3 3 3 3 3 3 3 3 3 3 3 3 3 3 3 3 3 3 3 3 3 3 3 3 3 3 3 3 3 3 3 3 3 3 3 3 3 3 3 3 3 3 3 3 3 3 3 3 3 3 3 3 3 3 3 3 3 3 3 3 3 3 3 3 3 3 3 3 3 3 3 3 3 3 3 3 3 3 3 3 3 3 3 3 3 3 3 3 3 3 3 3 3 3 3 3 3 3 3 3 3 3 3 3 3 3 3 3 3 3 3 3 3 3 3 3 3 3 3 3 3 3 3 3 3 3 3 3 3 3 3 3 3 3 3 3 3 3 3 3 3 3 3 3 3 3 3 3 3 3 3 3 3 3 3 3 3 3 3 3 3 3 3 3 3 3 3 3 3 3 3 3 3 3 3 3 3 3 3 3 3 3 3 3 3 3 3 3 3 3 3 3 3 3 3 3 3 3 3 3 3 3 3 3 3 3 3 3 3 3 3 3 3 3 3 3 3 3 3 3 3 3 3 3 3 3 3 3 3 3 3 3 3 3 3 3 3 3 3 3 3 3 3 3 3 3 3 3 3 3 3 3 3 3 3 3 3 3 3 3 3 3 3 3 3 3 3 3 3 3 3 3 3 3 3 3 3 3 3 3 3 3 3 3 3 3 3 3 3 3 3 3 3 3 3 3 3 3 3 3 3 3 3 3 3 3 3 3 3 3 3 3 3 3 3 3 3 3 3 3 3 3 3 3 3 3 3 3 3 3 3 3 3 3 3 3 3 3 3 3 3 3 3 3 3 3 3 3 3 3 3 3 3 3 3 3 3 3 3 3 3 3 3 3 3 3 3 3 3 3 3 3 3 3 3 3 3 3 3 3 3 3 3 3 3 3 3 3 3 3 3 3 3 3 3 3 3 3 3 3 3 3 3 3 3 3 3 3 3 3 3 3 3 3 3 3 3 3 3 3 3 3 3 3 3 3 3 3 3 3 3 3 3 3 3 3 3 3 3 3 3 3 3 3 3 3 3 3 3 3 3 3 3 3 3 3 3 3 3 3 3 3 3 3 3 3 3 3 3 3 3 3 3 3 3 3 3 3 3 3 3 3 3 3 3 3 3 3 3 3 3 3 3 3 3 3 </vcount>
          <p>0 0 0 2 1 1 3 2 2 2 3 3 5 3 4 3 3 5 4 4 6 7 5 7 5 6 8 6 7 9 9 8 10 7 9 11 2 10 12 10 10 13 4 10 14 8 11 15 11 11 16 9 11 17 10 12 18 0 13 19 11 14 20 12 15 21 14 15 22 15 15 23 16 16 24 18 17 25 19 18 26 18 3 27 21 3 28 19 3 29 20 19 30 23 20 31 21 21 32 22 7 33 25 22 34 23 23 35 18 10 36 26 10 37 24 10 38 24 11 39 27 11 40 25 11 41 26 24 42 16 25 43 27 26 44 29 15 45 31 15 46 28 15 47 33 11 48 35 11 49 32 11 50 36 15 51 37 15 52 38 15 53 37 27 54 32 28 55 39 29 56 40 30 57 37 31 58 39 32 59 36 3 60 40 3 61 41 3 62 42 33 63 36 33 64 41 34 65 45 35 66 47 36 67 44 37 68 48 38 69 45 39 70 44 40 71 51 3 72 48 3 73 50 3 74 53 41 75 50 42 76 52 43 77 55 10 78 57 10 79 54 10 80 34 44 81 42 44 82 35 45 83 51 15 84 58 15 85 49 15 86 46 11 87 59 11 88 47 11 89 58 46 90 52 47 91 59 48 92 60 49 93 62 50 94 63 51 95 65 52 96 67 53 97 64 54 98 68 55 99 70 56 100 71 57 101 73 58 102 68 59 103 72 60 104 75 61 105 64 62 106 74 63 107 70 64 108 77 65 109 71 65 110 79 66 111 81 66 112 78 66 113 76 3 114 83 3 115 77 3 116 85 67 117 64 68 118 84 68 119 83 69 120 86 70 121 87 69 122 86 71 123 72 72 124 87 73 125 89 74 126 91 75 127 88 76 128 93 7 129 95 77 130 92 77 131 95 6 132 96 6 133 97 6 134 99 78 135 101 79 136 98 80 137 96 3 138 98 3 139 97 3 140 102 81 141 99 82 142 98 82 143 104 83 144 106 84 145 107 85 146 103 86 147 109 87 148 99 87 149 84 68 150 67 67 151 110 88 152 108 11 153 92 11 154 109 11 155 112 89 156 114 68 157 111 68 158 116 90 159 118 91 160 115 92 161 120 93 162 115 93 163 119 93 164 122 89 165 91 68 166 121 68 167 124 94 168 119 95 169 123 96 170 126 97 171 128 98 172 125 99 173 130 100 174 123 101 175 129 101 176 132 3 177 129 3 178 131 3 179 98 80 180 133 102 181 97 103 182 118 104 183 132 105 184 131 106 185 135 107 186 137 108 187 134 109 188 139 66 189 140 66 190 138 66 191 142 11 192 134 11 193 141 11 194 125 99 195 144 110 196 143 111 197 146 112 198 141 112 199 145 113 200 110 66 201 148 66 202 147 66 203 150 6 204 145 114 205 149 114 206 78 67 207 152 68 208 151 68 209 154 3 210 149 3 211 153 3 212 136 115 213 153 116 214 137 117 215 155 66 216 88 66 217 122 66 218 143 111 219 158 118 220 157 119 221 95 120 222 133 102 223 159 121 224 160 11 225 57 11 226 56 11 227 162 122 228 56 123 229 161 124 230 157 125 231 161 126 232 163 127 233 143 3 234 163 3 235 55 3 236 125 33 237 55 128 238 54 129 239 126 45 240 54 130 241 57 131 242 138 67 243 165 68 244 164 68 245 162 132 246 158 118 247 166 133 248 111 68 249 168 89 250 167 134 251 170 68 252 89 89 253 169 135 254 172 136 255 174 137 256 171 138 257 62 126 258 172 139 259 171 140 260 176 141 261 62 142 262 61 143 263 177 144 264 61 145 265 60 146 266 173 11 267 63 11 268 174 11 269 63 147 270 177 148 271 60 149 272 179 150 273 29 151 274 28 152 275 180 3 276 182 3 277 29 3 278 181 153 279 184 153 280 182 153 281 183 154 282 30 155 283 184 156 284 185 11 285 31 11 286 30 11 287 186 37 288 28 157 289 31 158 290 187 159 291 13 160 292 12 161 293 188 3 294 14 3 295 13 3 296 189 41 297 191 41 298 14 162 299 190 163 300 193 56 301 191 56 302 192 11 303 15 11 304 193 11 305 194 164 306 12 165 307 15 166 308 160 167 309 166 133 310 195 168 311 92 169 312 159 121 313 196 170 314 164 68 315 198 67 316 197 88 317 197 66 318 200 66 319 199 66 320 160 167 321 127 171 322 126 97 323 173 172 324 201 173 325 202 174 326 199 67 327 106 68 328 203 68 329 121 68 330 205 89 331 204 175 332 71 176 333 207 177 334 68 178 335 72 179 336 209 180 337 87 181 338 176 182 339 210 183 340 211 184 341 83 185 342 213 186 343 77 187 344 175 188 345 211 189 346 214 190 347 72 191 348 207 192 349 208 193 350 178 194 351 210 183 352 177 195 353 196 163 354 128 196 355 127 197 356 159 198 357 144 199 358 128 200 359 133 3 360 158 3 361 144 3 362 101 201 363 166 202 364 158 203 365 100 204 366 195 205 367 166 206 368 216 11 369 127 11 370 195 11 371 179 207 372 217 208 373 218 209 374 131 210 375 197 211 376 199 212 377 180 213 378 220 214 379 181 215 380 119 216 381 164 217 382 123 218 383 186 219 384 221 220 385 217 221 386 134 222 387 222 223 388 223 224 389 137 225 390 224 226 391 222 223 392 194 227 393 151 228 394 187 229 395 189 230 396 225 231 397 226 232 398 145 233 399 167 234 400 149 235 401 192 236 402 78 237 403 194 238 404 169 66 405 228 66 406 227 66 407 9 239 408 230 240 409 7 241 410 142 242 411 232 243 412 135 244 413 0 245 414 233 246 415 234 247 416 150 248 417 235 249 418 236 250 419 9 251 420 237 252 421 229 253 422 120 254 423 239 255 424 116 256 425 27 257 426 241 258 427 25 259 428 21 260 429 243 261 430 19 262 431 132 263 432 245 264 433 130 265 434 16 266 435 240 267 436 27 268 437 147 67 438 248 68 439 247 68 440 59 269 441 227 270 442 47 271 443 82 272 444 250 273 445 86 274 446 44 275 447 252 276 448 48 277 449 70 278 450 204 279 451 76 280 452 52 281 453 169 282 454 59 283 455 167 66 456 253 66 457 224 66 458 224 67 459 254 68 460 222 68 461 108 284 462 247 285 463 255 286 464 35 287 465 256 288 466 257 289 467 96 290 468 147 291 469 102 292 470 40 293 471 258 294 472 259 295 473 109 296 474 100 297 475 99 78 476 83 298 477 209 180 478 212 299 479 124 300 480 238 301 481 120 302 482 70 278 483 122 303 484 121 304 485 93 305 486 84 306 487 94 307 488 118 308 489 139 309 490 115 310 491 48 311 492 261 312 493 50 313 494 73 314 495 250 273 496 155 315 497 92 169 498 216 316 499 109 296 500 179 207 501 219 317 502 180 318 503 175 319 504 201 173 505 172 320 506 76 321 507 249 322 508 82 323 509 108 324 510 85 325 511 93 326 512 118 308 513 199 327 514 203 328 515 52 281 516 261 329 517 170 330 518 21 331 519 262 332 520 242 333 521 73 334 522 122 335 523 69 336 524 185 337 525 263 338 526 221 339 527 173 340 528 215 341 529 178 342 530 117 343 531 239 344 532 264 345 533 129 346 534 164 217 535 197 347 536 44 275 537 227 348 538 251 349 539 132 350 540 264 345 541 244 351 542 142 352 543 265 353 544 231 354 545 115 355 546 138 356 547 119 357 548 23 358 549 241 359 550 262 332 551 5 360 552 233 361 553 3 362 554 130 363 555 260 364 556 124 300 557 11 365 558 234 247 559 237 366 560 19 367 561 246 368 562 16 266 563 135 369 564 267 370 565 136 371 566 154 372 567 267 370 568 235 373 569 7 241 570 266 374 571 5 375 572 40 376 573 268 377 574 41 378 575 102 379 576 247 285 577 103 380 578 35 381 579 269 382 580 32 383 581 141 384 582 223 385 583 112 386 584 187 229 585 225 387 586 188 388 587 41 389 588 256 288 589 42 390 590 149 391 591 224 392 592 153 393 593 146 394 594 236 395 595 265 353 596 96 396 597 84 306 598 110 397 599 192 398 600 270 399 601 79 400 602 77 401 603 206 402 604 71 176 605 141 403 606 111 404 607 145 233 608 32 405 609 258 294 610 39 10 611 181 406 612 263 338 613 183 407 614 190 408 615 226 409 616 270 399 617 213 89 618 272 68 619 206 68 620 207 66 621 274 66 622 208 66 623 206 68 624 273 89 625 207 410 626 215 89 627 276 68 628 210 68 629 202 66 630 275 66 631 215 66 632 210 68 633 278 89 634 211 411 635 211 66 636 279 66 637 214 66 638 214 67 639 280 68 640 201 68 641 275 412 642 272 413 643 276 414 644 274 415 645 275 416 646 277 417 647 272 418 648 278 419 649 276 420 650 271 421 651 279 422 652 278 423 653 279 424 654 282 425 655 280 426 656 282 427 657 277 428 658 280 429 659 212 66 660 271 66 661 213 66 662 209 68 663 281 67 664 212 430 665 208 67 666 282 68 667 209 68 668 201 68 669 277 67 670 202 431 671 244 66 672 284 66 673 245 66 674 245 67 675 285 68 676 260 68 677 260 68 678 286 89 679 238 432 680 238 66 681 287 66 682 239 66 683 239 67 684 288 68 685 264 68 686 289 433 687 288 434 688 287 435 689 291 416 690 287 415 691 286 436 692 285 437 693 291 438 694 286 439 695 293 440 696 285 441 697 284 442 698 294 422 699 284 421 700 283 443 701 288 444 702 294 445 703 283 446 704 264 68 705 283 67 706 244 447 707 246 448 708 289 67 709 240 449 710 240 66 711 291 66 712 241 66 713 241 89 714 292 68 715 262 68 716 262 68 717 293 67 718 242 450 719 242 66 720 294 66 721 243 66 722 243 67 723 290 68 724 246 448 725 267 68 726 296 67 727 235 451 728 235 66 729 297 66 730 236 66 731 236 67 732 298 68 733 265 68 734 265 68 735 299 67 736 231 452 737 231 66 738 300 66 739 232 66 740 301 453 741 295 454 742 300 455 743 303 416 744 300 415 745 299 436 746 304 456 747 299 457 748 298 456 749 305 458 750 298 459 751 297 460 752 306 422 753 297 421 754 296 443 755 295 461 756 306 462 757 296 463 758 234 68 759 301 67 760 237 464 761 237 66 762 303 66 763 229 66 764 229 67 765 304 68 766 230 68 767 230 68 768 305 89 769 266 465 770 266 66 771 306 66 772 233 66 773 233 67 774 302 68 775 234 68 776 232 67 777 295 68 778 267 68 779 228 415 780 88 416 781 156 417 782 90 466 783 205 467 784 91 468 785 307 421 786 309 422 787 205 423 788 309 469 789 310 470 790 311 471 791 310 472 792 156 473 793 311 474 794 261 89 795 90 68 796 170 68 797 204 66 798 309 66 799 249 66 800 252 66 801 307 66 802 261 66 803 251 68 804 308 67 805 252 475 806 249 67 807 311 68 808 250 68 809 227 67 810 310 68 811 251 68 812 250 68 813 156 67 814 155 476 815 67 477 816 312 478 817 148 479 818 312 480 819 248 481 820 148 482 821 248 483 822 314 484 823 315 485 824 314 486 825 74 487 826 315 488 827 247 68 828 315 67 829 255 489 830 255 66 831 74 66 832 85 66 833 256 68 834 75 67 835 257 490 836 268 67 837 65 68 838 256 68 839 259 66 840 66 66 841 268 66 842 258 68 843 312 67 844 259 491 845 269 67 846 313 68 847 258 68 848 257 66 849 314 66 850 269 66 851 316 492 852 152 493 853 81 494 854 113 416 855 81 415 856 80 436 857 114 495 858 80 496 859 317 497 860 168 498 861 317 499 862 318 500 863 253 422 864 318 421 865 319 443 866 254 501 867 319 502 868 152 503 869 151 68 870 319 67 871 225 504 872 222 68 873 316 67 874 223 505 875 225 66 876 318 66 877 226 66 878 226 89 879 317 68 880 270 68 881 223 66 882 113 66 883 112 66 884 270 68 885 80 89 886 79 506 887 140 416 888 104 415 889 320 436 890 165 507 891 320 508 892 321 509 893 198 510 894 321 511 895 322 512 896 200 422 897 322 421 898 323 443 899 107 513 900 200 514 901 323 515 902 218 68 903 323 67 904 219 516 905 219 66 906 322 66 907 220 66 908 220 67 909 321 68 910 263 68 911 263 68 912 320 67 913 221 517 914 221 66 915 104 66 916 217 66 917 217 67 918 107 68 919 218 68 920 203 68 921 105 67 922 139 518 923 58 15 924 45 15 925 49 15 926 30 15 927 182 15 928 184 15 929 14 15 930 193 15 931 15 15 932 36 15 933 34 15 934 33 15 935 62 50 936 174 10 937 63 51 938 24 10 939 20 10 940 18 10 941 4 10 942 8 10 943 6 10 944 56 10 945 163 10 946 161 10 947 0 0 1452 1 974 1453 2 1 1454 2 3 1455 4 3 1456 5 3 1457 4 4 1458 6 975 1459 7 5 1460 6 7 1461 8 112 1462 9 8 1463 2 10 1464 1 10 1465 10 10 1466 8 11 1467 10 11 1468 11 11 1469 10 12 1470 1 976 1471 0 13 1472 12 15 1473 13 15 1474 14 15 1475 16 16 1476 17 977 1477 18 17 1478 18 3 1479 20 3 1480 21 3 1481 20 19 1482 22 978 1483 23 20 1484 22 7 1485 24 45 1486 25 22 1487 18 10 1488 17 10 1489 26 10 1490 24 11 1491 26 11 1492 27 11 1493 26 24 1494 17 979 1495 16 25 1496 29 15 1497 30 15 1498 31 15 1499 33 11 1500 34 11 1501 35 11 1502 36 15 1503 33 15 1504 37 15 1505 37 27 1506 33 980 1507 32 28 1508 40 30 1509 38 160 1510 37 31 1511 36 3 1512 38 3 1513 40 3 1514 42 33 1515 43 34 1516 36 33 1517 45 35 1518 46 981 1519 47 36 1520 48 38 1521 49 982 1522 45 39 1523 51 3 1524 49 3 1525 48 3 1526 53 41 1527 51 983 1528 50 42 1529 55 10 1530 56 10 1531 57 10 1532 34 44 1533 43 984 1534 42 44 1535 51 15 1536 53 15 1537 58 15 1538 46 11 1539 58 11 1540 59 11 1541 58 46 1542 53 56 1543 52 47 1544 60 49 1545 61 985 1546 62 50 1547 65 52 1548 66 986 1549 67 53 1550 68 55 1551 69 987 1552 70 56 1553 73 58 1554 69 11 1555 68 59 1556 75 61 1557 65 988 1558 64 62 1559 70 64 1560 76 989 1561 77 65 1562 79 66 1563 80 66 1564 81 66 1565 76 3 1566 82 3 1567 83 3 1568 85 67 1569 74 490 1570 64 68 1571 83 69 1572 82 70 1573 86 70 1574 86 71 1575 73 990 1576 72 72 1577 89 74 1578 90 75 1579 91 75 1580 93 7 1581 94 991 1582 95 77 1583 95 6 1584 94 20 1585 96 6 1586 99 78 1587 100 297 1588 101 79 1589 96 3 1590 102 3 1591 98 3 1592 102 81 1593 103 81 1594 99 82 1595 104 83 1596 105 992 1597 106 84 1598 103 86 1599 108 86 1600 109 87 1601 84 68 1602 64 68 1603 67 67 1604 108 11 1605 93 11 1606 92 11 1607 112 89 1608 113 506 1609 114 68 1610 116 90 1611 117 993 1612 118 91 1613 120 93 1614 116 93 1615 115 93 1616 122 89 1617 88 135 1618 91 68 1619 124 94 1620 120 994 1621 119 95 1622 126 97 1623 127 171 1624 128 98 1625 130 100 1626 124 162 1627 123 101 1628 132 3 1629 130 3 1630 129 3 1631 98 80 1632 101 79 1633 133 102 1634 118 104 1635 117 995 1636 132 105 1637 135 107 1638 136 996 1639 137 108 1640 139 66 1641 105 66 1642 140 66 1643 142 11 1644 135 11 1645 134 11 1646 125 99 1647 128 98 1648 144 110 1649 146 112 1650 142 113 1651 141 112 1652 110 66 1653 67 66 1654 148 66 1655 150 6 1656 146 20 1657 145 114 1658 78 67 1659 81 505 1660 152 68 1661 154 3 1662 150 3 1663 149 3 1664 136 115 1665 154 125 1666 153 116 1667 155 66 1668 156 66 1669 88 66 1670 143 111 1671 144 110 1672 158 118 1673 95 120 1674 97 103 1675 133 102 1676 160 11 1677 126 11 1678 57 11 1679 162 122 1680 160 997 1681 56 123 1682 157 125 1683 162 998 1684 161 126 1685 143 3 1686 157 3 1687 163 3 1688 125 33 1689 143 21 1690 55 128 1691 126 45 1692 125 999 1693 54 130 1694 138 67 1695 140 517 1696 165 68 1697 162 132 1698 157 119 1699 158 118 1700 111 68 1701 114 68 1702 168 89 1703 170 68 1704 90 68 1705 89 89 1706 172 136 1707 173 1000 1708 174 137 1709 62 126 1710 175 1001 1711 172 139 1712 176 141 1713 175 3 1714 62 142 1715 177 144 1716 176 1002 1717 61 145 1718 173 11 1719 178 11 1720 63 11 1721 63 147 1722 178 1003 1723 177 148 1724 179 150 1725 180 1004 1726 29 151 1727 180 3 1728 181 3 1729 182 3 1730 181 153 1731 183 153 1732 184 153 1733 183 154 1734 185 1005 1735 30 155 1736 185 11 1737 186 11 1738 31 11 1739 186 37 1740 179 1006 1741 28 157 1742 187 159 1743 188 1007 1744 13 160 1745 188 3 1746 189 3 1747 14 3 1748 189 41 1749 190 41 1750 191 41 1751 190 163 1752 192 1008 1753 193 56 1754 192 11 1755 194 11 1756 15 11 1757 194 164 1758 187 1009 1759 12 165 1760 160 167 1761 162 132 1762 166 133 1763 92 169 1764 95 120 1765 159 121 1766 164 68 1767 165 68 1768 198 67 1769 197 66 1770 198 66 1771 200 66 1772 160 167 1773 195 168 1774 127 171 1775 173 172 1776 172 320 1777 201 173 1778 199 67 1779 200 1010 1780 106 68 1781 121 68 1782 91 68 1783 205 89 1784 71 176 1785 206 402 1786 207 177 1787 72 179 1788 208 1011 1789 209 180 1790 176 182 1791 177 195 1792 210 183 1793 83 185 1794 212 1012 1795 213 186 1796 175 188 1797 176 1013 1798 211 189 1799 72 191 1800 68 1014 1801 207 192 1802 178 194 1803 215 1015 1804 210 183 1805 196 163 1806 159 1016 1807 128 196 1808 159 198 1809 133 1017 1810 144 199 1811 133 3 1812 101 3 1813 158 3 1814 101 201 1815 100 1018 1816 166 202 1817 100 204 1818 216 1019 1819 195 205 1820 216 11 1821 196 11 1822 127 11 1823 179 207 1824 186 1020 1825 217 208 1826 131 210 1827 129 1021 1828 197 211 1829 180 213 1830 219 1022 1831 220 214 1832 119 216 1833 138 1023 1834 164 217 1835 186 219 1836 185 1024 1837 221 220 1838 134 222 1839 137 225 1840 222 223 1841 137 225 1842 153 1025 1843 224 226 1844 194 227 1845 78 1026 1846 151 228 1847 189 230 1848 188 1027 1849 225 231 1850 145 233 1851 111 404 1852 167 234 1853 192 236 1854 79 1028 1855 78 237 1856 169 66 1857 89 66 1858 228 66 1859 9 239 1860 229 1029 1861 230 240 1862 142 242 1863 231 1030 1864 232 243 1865 0 245 1866 3 1031 1867 233 246 1868 150 248 1869 154 1032 1870 235 249 1871 9 251 1872 11 1033 1873 237 252 1874 120 254 1875 238 1034 1876 239 255 1877 27 257 1878 240 1035 1879 241 258 1880 21 260 1881 242 1036 1882 243 261 1883 132 263 1884 244 1037 1885 245 264 1886 16 266 1887 246 368 1888 240 267 1889 147 67 1890 148 1038 1891 248 68 1892 59 269 1893 169 1039 1894 227 270 1895 82 272 1896 249 1040 1897 250 273 1898 44 275 1899 251 349 1900 252 276 1901 70 278 1902 121 304 1903 204 279 1904 52 281 1905 170 330 1906 169 282 1907 167 66 1908 168 66 1909 253 66 1910 224 67 1911 253 504 1912 254 68 1913 108 284 1914 103 380 1915 247 285 1916 35 287 1917 42 390 1918 256 288 1919 96 290 1920 110 1041 1921 147 291 1922 40 293 1923 39 10 1924 258 294 1925 109 296 1926 216 316 1927 100 297 1928 83 298 1929 87 181 1930 209 180 1931 124 300 1932 260 364 1933 238 301 1934 70 278 1935 69 1042 1936 122 303 1937 93 305 1938 85 1043 1939 84 306 1940 118 308 1941 203 328 1942 139 309 1943 48 311 1944 252 1044 1945 261 312 1946 73 314 1947 86 274 1948 250 273 1949 92 169 1950 196 170 1951 216 316 1952 179 207 1953 218 209 1954 219 317 1955 175 319 1956 214 1045 1957 201 173 1958 76 321 1959 204 1046 1960 249 322 1961 108 324 1962 255 1047 1963 85 325 1964 118 308 1965 131 1048 1966 199 327 1967 52 281 1968 50 1049 1969 261 329 1970 21 331 1971 23 358 1972 262 332 1973 73 334 1974 155 1050 1975 122 335 1976 185 337 1977 183 407 1978 263 338 1979 173 340 1980 202 1051 1981 215 341 1982 117 343 1983 116 1052 1984 239 344 1985 129 346 1986 123 218 1987 164 217 1988 44 275 1989 47 1053 1990 227 348 1991 132 350 1992 117 343 1993 264 345 1994 142 352 1995 146 394 1996 265 353 1997 115 355 1998 139 1054 1999 138 356 2000 23 358 2001 25 1055 2002 241 359 2003 5 360 2004 266 1056 2005 233 361 2006 130 363 2007 245 1057 2008 260 364 2009 11 365 2010 0 245 2011 234 247 2012 19 367 2013 243 1058 2014 246 368 2015 135 369 2016 232 1059 2017 267 370 2018 154 372 2019 136 371 2020 267 370 2021 7 241 2022 230 240 2023 266 374 2024 40 376 2025 259 1060 2026 268 377 2027 102 379 2028 147 1061 2029 247 285 2030 35 381 2031 257 1062 2032 269 382 2033 141 384 2034 134 1063 2035 223 385 2036 187 229 2037 151 228 2038 225 387 2039 41 389 2040 268 1064 2041 256 288 2042 149 391 2043 167 1065 2044 224 392 2045 146 394 2046 150 1066 2047 236 395 2048 96 396 2049 94 307 2050 84 306 2051 192 398 2052 190 408 2053 270 399 2054 77 401 2055 213 1067 2056 206 402 2057 141 403 2058 112 1068 2059 111 404 2060 32 405 2061 269 1069 2062 258 294 2063 181 406 2064 220 1070 2065 263 338 2066 190 408 2067 189 1071 2068 226 409 2069 213 89 2070 271 1072 2071 272 68 2072 207 66 2073 273 66 2074 274 66 2075 206 68 2076 272 68 2077 273 89 2078 215 89 2079 275 1073 2080 276 68 2081 202 66 2082 277 66 2083 275 66 2084 210 68 2085 276 68 2086 278 89 2087 211 66 2088 278 66 2089 279 66 2090 214 67 2091 279 1074 2092 280 68 2093 275 412 2094 273 1075 2095 272 413 2096 274 415 2097 273 436 2098 275 416 2099 272 418 2100 271 1076 2101 278 419 2102 271 421 2103 281 443 2104 279 422 2105 279 424 2106 281 1077 2107 282 425 2108 282 427 2109 274 1078 2110 277 428 2111 212 66 2112 281 66 2113 271 66 2114 209 68 2115 282 68 2116 281 67 2117 208 67 2118 274 1079 2119 282 68 2120 201 68 2121 280 68 2122 277 67 2123 244 66 2124 283 66 2125 284 66 2126 245 67 2127 284 450 2128 285 68 2129 260 68 2130 285 68 2131 286 89 2132 238 66 2133 286 66 2134 287 66 2135 239 67 2136 287 1080 2137 288 68 2138 289 433 2139 290 1081 2140 288 434 2141 291 416 2142 289 417 2143 287 415 2144 285 437 2145 292 1082 2146 291 438 2147 293 440 2148 292 1083 2149 285 441 2150 294 422 2151 293 423 2152 284 421 2153 288 444 2154 290 1084 2155 294 445 2156 264 68 2157 288 68 2158 283 67 2159 246 448 2160 290 68 2161 289 67 2162 240 66 2163 289 66 2164 291 66 2165 241 89 2166 291 432 2167 292 68 2168 262 68 2169 292 68 2170 293 67 2171 242 66 2172 293 66 2173 294 66 2174 243 67 2175 294 1085 2176 290 68 2177 267 68 2178 295 68 2179 296 67 2180 235 66 2181 296 66 2182 297 66 2183 236 67 2184 297 465 2185 298 68 2186 265 68 2187 298 68 2188 299 67 2189 231 66 2190 299 66 2191 300 66 2192 301 453 2193 302 1086 2194 295 454 2195 303 416 2196 301 417 2197 300 415 2198 304 456 2199 303 1087 2200 299 457 2201 305 458 2202 304 1088 2203 298 459 2204 306 422 2205 305 423 2206 297 421 2207 295 461 2208 302 1089 2209 306 462 2210 234 68 2211 302 68 2212 301 67 2213 237 66 2214 301 66 2215 303 66 2216 229 67 2217 303 1090 2218 304 68 2219 230 68 2220 304 68 2221 305 89 2222 266 66 2223 305 66 2224 306 66 2225 233 67 2226 306 1091 2227 302 68 2228 232 67 2229 300 1092 2230 295 68 2231 228 415 2232 89 436 2233 88 416 2234 90 466 2235 307 1093 2236 205 467 2237 307 421 2238 308 443 2239 309 422 2240 309 469 2241 308 1094 2242 310 470 2243 310 472 2244 228 1095 2245 156 473 2246 261 89 2247 307 175 2248 90 68 2249 204 66 2250 205 66 2251 309 66 2252 252 66 2253 308 66 2254 307 66 2255 251 68 2256 310 68 2257 308 67 2258 249 67 2259 309 1096 2260 311 68 2261 227 67 2262 228 1097 2263 310 68 2264 250 68 2265 311 68 2266 156 67 2267 67 477 2268 66 1098 2269 312 478 2270 312 480 2271 313 1099 2272 248 481 2273 248 483 2274 313 1100 2275 314 484 2276 314 486 2277 75 1101 2278 74 487 2279 247 68 2280 248 68 2281 315 67 2282 255 66 2283 315 66 2284 74 66 2285 256 68 2286 65 68 2287 75 67 2288 268 67 2289 66 88 2290 65 68 2291 259 66 2292 312 66 2293 66 66 2294 258 68 2295 313 68 2296 312 67 2297 269 67 2298 314 1102 2299 313 68 2300 257 66 2301 75 66 2302 314 66 2303 316 492 2304 254 1103 2305 152 493 2306 113 416 2307 316 417 2308 81 415 2309 114 495 2310 113 1104 2311 80 496 2312 168 498 2313 114 1105 2314 317 499 2315 253 422 2316 168 423 2317 318 421 2318 254 501 2319 253 1106 2320 319 502 2321 151 68 2322 152 68 2323 319 67 2324 222 68 2325 254 68 2326 316 67 2327 225 66 2328 319 66 2329 318 66 2330 226 89 2331 318 134 2332 317 68 2333 223 66 2334 316 66 2335 113 66 2336 270 68 2337 317 68 2338 80 89 2339 140 416 2340 105 417 2341 104 415 2342 165 507 2343 140 1107 2344 320 508 2345 198 510 2346 165 1108 2347 321 511 2348 200 422 2349 198 423 2350 322 421 2351 107 513 2352 106 1109 2353 200 514 2354 218 68 2355 107 68 2356 323 67 2357 219 66 2358 323 66 2359 322 66 2360 220 67 2361 322 88 2362 321 68 2363 263 68 2364 321 68 2365 320 67 2366 221 66 2367 320 66 2368 104 66 2369 217 67 2370 104 1110 2371 107 68 2372 203 68 2373 106 68 2374 105 67 2375 58 15 2376 46 15 2377 45 15 2378 30 15 2379 29 15 2380 182 15 2381 14 15 2382 191 15 2383 193 15 2384 36 15 2385 43 15 2386 34 15 2387 62 50 2388 171 10 2389 174 10 2390 24 10 2391 22 10 2392 20 10 2393 4 10 2394 10 10 2395 8 10 2396 56 10 2397 55 10 2398 163 10 2399</p>
        </polylist>
        <polylist material="Material_004-material" count="336">
          <input semantic="VERTEX" source="#Cylinder_001-mesh-vertices" offset="0"/>
          <input semantic="NORMAL" source="#Cylinder_001-mesh-normals" offset="1"/>
          <input semantic="TEXCOORD" source="#Cylinder_001-mesh-map-0" offset="2" set="0"/>
          <vcount>3 3 3 3 3 3 3 3 3 3 3 3 3 3 3 3 3 3 3 3 3 3 3 3 3 3 3 3 3 3 3 3 3 3 3 3 3 3 3 3 3 3 3 3 3 3 3 3 3 3 3 3 3 3 3 3 3 3 3 3 3 3 3 3 3 3 3 3 3 3 3 3 3 3 3 3 3 3 3 3 3 3 3 3 3 3 3 3 3 3 3 3 3 3 3 3 3 3 3 3 3 3 3 3 3 3 3 3 3 3 3 3 3 3 3 3 3 3 3 3 3 3 3 3 3 3 3 3 3 3 3 3 3 3 3 3 3 3 3 3 3 3 3 3 3 3 3 3 3 3 3 3 3 3 3 3 3 3 3 3 3 3 3 3 3 3 3 3 3 3 3 3 3 3 3 3 3 3 3 3 3 3 3 3 3 3 3 3 3 3 3 3 3 3 3 3 3 3 3 3 3 3 3 3 3 3 3 3 3 3 3 3 3 3 3 3 3 3 3 3 3 3 3 3 3 3 3 3 3 3 3 3 3 3 3 3 3 3 3 3 3 3 3 3 3 3 3 3 3 3 3 3 3 3 3 3 3 3 3 3 3 3 3 3 3 3 3 3 3 3 3 3 3 3 3 3 3 3 3 3 3 3 3 3 3 3 3 3 3 3 3 3 3 3 3 3 3 3 3 3 3 3 3 3 3 3 3 3 3 3 3 3 3 3 3 3 3 3 3 3 3 3 3 3 3 3 3 3 3 3 3 3 3 3 3 3 </vcount>
          <p>325 519 948 327 520 949 324 521 950 328 522 951 325 523 952 324 524 953 326 525 954 331 526 955 327 527 956 330 528 957 333 529 958 331 530 959 332 531 960 335 532 961 333 533 962 335 534 963 329 535 964 328 536 965 337 537 966 339 538 967 336 539 968 340 540 969 337 541 970 336 542 971 338 543 972 343 544 973 339 545 974 342 546 975 345 547 976 343 548 977 344 549 978 347 550 979 345 551 980 347 552 981 341 553 982 340 554 983 349 555 984 351 538 985 348 539 986 352 556 987 349 557 988 348 558 989 350 559 990 355 560 991 351 561 992 354 562 993 357 563 994 355 564 995 356 565 996 359 566 997 357 567 998 359 568 999 353 569 1000 352 570 1001 360 571 1002 362 572 1003 363 571 1004 364 573 1005 361 574 1006 360 575 1007 362 576 1008 367 577 1009 363 578 1010 366 579 1011 369 580 1012 367 581 1013 368 582 1014 371 583 1015 369 583 1016 371 584 1017 365 585 1018 364 586 1019 373 587 1020 375 588 1021 372 589 1022 376 590 1023 373 591 1024 372 592 1025 374 593 1026 379 594 1027 375 595 1028 378 596 1029 381 597 1030 379 598 1031 380 599 1032 383 600 1033 381 582 1034 383 601 1035 377 602 1036 376 603 1037 384 604 1038 386 605 1039 387 606 1040 389 607 1041 384 608 1042 388 609 1043 391 610 1044 388 611 1045 390 612 1046 393 613 1047 390 614 1048 392 615 1049 394 616 1050 396 617 1051 397 618 1052 399 619 1053 394 620 1054 398 621 1055 401 622 1056 398 623 1057 400 624 1058 402 625 1059 401 626 1060 400 627 1061 396 628 1062 405 629 1063 397 630 1064 407 631 1065 409 632 1066 406 633 1067 411 634 1068 406 635 1069 410 636 1070 405 637 1071 403 638 1072 402 639 1073 413 640 1074 410 641 1075 412 642 1076 414 643 1077 413 644 1078 412 645 1079 416 646 1080 415 647 1081 414 648 1082 408 649 1083 416 650 1084 409 651 1085 419 652 1086 421 653 1087 418 654 1088 421 655 1089 422 656 1090 423 657 1091 423 658 1092 424 659 1093 425 660 1094 425 661 1095 426 662 1096 427 663 1097 428 664 1098 430 665 1099 431 666 1100 426 667 1101 433 668 1102 427 669 1103 433 670 1104 419 671 1105 418 672 1106 435 673 1107 428 674 1108 434 675 1109 430 676 1110 437 677 1111 431 678 1112 437 679 1113 438 680 1114 439 681 1115 438 682 1116 441 683 1117 439 684 1118 440 685 1119 434 686 1120 441 687 1121 387 688 1122 442 689 1123 443 690 1124 442 691 1125 392 692 1126 443 692 1127 444 693 1128 446 694 1129 447 695 1130 449 696 1131 444 697 1132 448 698 1133 451 699 1134 448 700 1135 450 701 1136 453 702 1137 450 703 1138 452 704 1139 447 705 1140 454 706 1141 455 707 1142 454 708 1143 452 709 1144 455 710 1145 456 711 1146 458 712 1147 459 713 1148 461 607 1149 456 608 1150 460 609 1151 463 714 1152 460 715 1153 462 716 1154 465 717 1155 462 718 1156 464 719 1157 459 720 1158 466 721 1159 467 722 1160 466 708 1161 464 709 1162 467 710 1163 468 723 1164 470 724 1165 471 725 1166 473 726 1167 468 727 1168 472 727 1169 475 728 1170 472 729 1171 474 730 1172 477 731 1173 474 732 1174 476 733 1175 471 734 1176 478 735 1177 479 736 1178 478 737 1179 476 737 1180 479 737 1181 480 738 1182 482 739 1183 483 740 1184 485 741 1185 480 742 1186 484 743 1187 487 744 1188 484 745 1189 486 746 1190 489 747 1191 486 748 1192 488 749 1193 483 750 1194 490 751 1195 491 752 1196 490 753 1197 488 754 1198 491 755 1199 492 756 1200 494 757 1201 495 758 1202 497 759 1203 492 760 1204 496 761 1205 499 762 1206 496 763 1207 498 764 1208 501 765 1209 498 766 1210 500 767 1211 495 768 1212 502 769 1213 503 770 1214 502 771 1215 500 772 1216 503 772 1217 504 773 1218 506 774 1219 507 775 1220 509 776 1221 504 776 1222 508 777 1223 511 778 1224 508 779 1225 510 780 1226 513 781 1227 510 782 1228 512 783 1229 507 784 1230 514 785 1231 515 786 1232 514 771 1233 512 772 1234 515 772 1235 516 787 1236 518 788 1237 519 789 1238 521 790 1239 516 791 1240 520 792 1241 523 793 1242 520 794 1243 522 795 1244 525 796 1245 522 797 1246 524 798 1247 519 799 1248 526 800 1249 527 801 1250 526 802 1251 524 802 1252 527 802 1253 528 803 1254 530 804 1255 531 789 1256 533 805 1257 528 806 1258 532 807 1259 535 808 1260 532 809 1261 534 810 1262 537 811 1263 534 812 1264 536 813 1265 531 814 1266 538 815 1267 539 816 1268 538 802 1269 536 802 1270 539 802 1271 540 817 1272 542 818 1273 543 819 1274 545 805 1275 540 806 1276 544 807 1277 547 820 1278 544 821 1279 546 822 1280 549 823 1281 546 824 1282 548 825 1283 543 826 1284 550 827 1285 551 828 1286 550 829 1287 548 830 1288 551 802 1289 552 831 1290 554 832 1291 555 833 1292 554 15 1293 557 15 1294 555 15 1295 556 834 1296 559 835 1297 557 836 1298 558 837 1299 561 838 1300 559 839 1301 563 15 1302 565 15 1303 562 15 1304 560 10 1305 567 10 1306 561 10 1307 567 840 1308 553 841 1309 552 842 1310 569 843 1311 562 844 1312 568 845 1313 564 846 1314 571 847 1315 565 848 1316 570 849 1317 573 850 1318 571 851 1319 572 10 1320 575 10 1321 573 10 1322 574 852 1323 568 853 1324 575 854 1325 577 855 1326 579 856 1327 576 857 1328 580 858 1329 577 859 1330 576 860 1331 578 861 1332 583 862 1333 579 863 1334 582 864 1335 585 865 1336 583 866 1337 585 867 1338 586 868 1339 587 869 1340 587 870 1341 581 871 1342 580 872 1343 589 873 1344 591 874 1345 588 875 1346 592 876 1347 589 877 1348 588 878 1349 590 879 1350 595 880 1351 591 881 1352 594 882 1353 597 883 1354 595 884 1355 596 869 1356 599 885 1357 597 885 1358 599 886 1359 593 887 1360 592 888 1361 601 889 1362 603 890 1363 600 891 1364 602 892 1365 605 893 1366 603 894 1367 605 895 1368 606 896 1369 607 854 1370 607 897 1371 608 898 1372 609 899 1373 611 900 1374 613 901 1375 610 902 1376 608 903 1377 615 904 1378 609 905 1379 614 906 1380 600 907 1381 615 908 1382 617 909 1383 610 910 1384 616 911 1385 613 912 1386 618 913 1387 619 914 1388 619 915 1389 620 916 1390 621 917 1391 620 918 1392 623 919 1393 621 905 1394 622 920 1395 616 921 1396 623 922 1397 625 923 1398 627 924 1399 624 925 1400 628 926 1401 625 927 1402 624 928 1403 626 929 1404 631 930 1405 627 931 1406 630 932 1407 633 933 1408 631 934 1409 632 935 1410 635 936 1411 633 936 1412 635 937 1413 629 938 1414 628 939 1415 636 940 1416 638 941 1417 639 942 1418 640 943 1419 637 944 1420 636 945 1421 638 946 1422 643 947 1423 639 948 1424 642 949 1425 645 950 1426 643 951 1427 644 952 1428 647 953 1429 645 954 1430 647 955 1431 641 956 1432 640 957 1433 649 958 1434 651 959 1435 648 960 1436 652 961 1437 649 962 1438 648 963 1439 650 964 1440 655 965 1441 651 966 1442 654 967 1443 657 968 1444 655 969 1445 656 970 1446 659 954 1447 657 954 1448 659 971 1449 653 972 1450 652 973 1451 325 519 2400 326 1111 2401 327 520 2402 328 522 2403 329 1112 2404 325 523 2405 326 525 2406 330 1113 2407 331 526 2408 330 528 2409 332 1114 2410 333 529 2411 332 531 2412 334 1115 2413 335 532 2414 335 534 2415 334 1116 2416 329 535 2417 337 537 2418 338 1117 2419 339 538 2420 340 540 2421 341 1118 2422 337 541 2423 338 543 2424 342 1119 2425 343 544 2426 342 546 2427 344 1120 2428 345 547 2429 344 549 2430 346 1121 2431 347 550 2432 347 552 2433 346 1122 2434 341 553 2435 349 555 2436 350 1123 2437 351 538 2438 352 556 2439 353 1124 2440 349 557 2441 350 559 2442 354 1125 2443 355 560 2444 354 562 2445 356 1126 2446 357 563 2447 356 565 2448 358 565 2449 359 566 2450 359 568 2451 358 1127 2452 353 569 2453 360 571 2454 361 1128 2455 362 572 2456 364 573 2457 365 1129 2458 361 574 2459 362 576 2460 366 1130 2461 367 577 2462 366 579 2463 368 1131 2464 369 580 2465 368 582 2466 370 1132 2467 371 583 2468 371 584 2469 370 1133 2470 365 585 2471 373 587 2472 374 1134 2473 375 588 2474 376 590 2475 377 1135 2476 373 591 2477 374 593 2478 378 1136 2479 379 594 2480 378 596 2481 380 1137 2482 381 597 2483 380 599 2484 382 1138 2485 383 600 2486 383 601 2487 382 1139 2488 377 602 2489 384 604 2490 385 1140 2491 386 605 2492 389 607 2493 385 1141 2494 384 608 2495 391 610 2496 389 1142 2497 388 611 2498 393 613 2499 391 1143 2500 390 614 2501 394 616 2502 395 1144 2503 396 617 2504 399 619 2505 395 1145 2506 394 620 2507 401 622 2508 399 1146 2509 398 623 2510 402 625 2511 403 1147 2512 401 626 2513 396 628 2514 404 1148 2515 405 629 2516 407 631 2517 408 1149 2518 409 632 2519 411 634 2520 407 10 2521 406 635 2522 405 637 2523 404 1150 2524 403 638 2525 413 640 2526 411 1151 2527 410 641 2528 414 643 2529 415 1152 2530 413 644 2531 416 646 2532 417 1153 2533 415 647 2534 408 649 2535 417 1154 2536 416 650 2537 419 652 2538 420 1155 2539 421 653 2540 421 655 2541 420 1156 2542 422 656 2543 423 658 2544 422 1157 2545 424 659 2546 425 661 2547 424 1158 2548 426 662 2549 428 664 2550 429 1159 2551 430 665 2552 426 667 2553 432 1160 2554 433 668 2555 433 670 2556 432 1161 2557 419 671 2558 435 673 2559 429 1162 2560 428 674 2561 430 676 2562 436 1163 2563 437 677 2564 437 679 2565 436 1164 2566 438 680 2567 438 682 2568 440 1165 2569 441 683 2570 440 685 2571 435 1166 2572 434 686 2573 387 688 2574 386 1167 2575 442 689 2576 442 691 2577 393 1168 2578 392 692 2579 444 693 2580 445 1169 2581 446 694 2582 449 696 2583 445 1170 2584 444 697 2585 451 699 2586 449 1171 2587 448 700 2588 453 702 2589 451 1172 2590 450 703 2591 447 705 2592 446 1173 2593 454 706 2594 454 708 2595 453 708 2596 452 709 2597 456 711 2598 457 1174 2599 458 712 2600 461 607 2601 457 1141 2602 456 608 2603 463 714 2604 461 1175 2605 460 715 2606 465 717 2607 463 1176 2608 462 718 2609 459 720 2610 458 1177 2611 466 721 2612 466 708 2613 465 708 2614 464 709 2615 468 723 2616 469 1178 2617 470 724 2618 473 726 2619 469 726 2620 468 727 2621 475 728 2622 473 1179 2623 472 729 2624 477 731 2625 475 1180 2626 474 732 2627 471 734 2628 470 1181 2629 478 735 2630 478 737 2631 477 737 2632 476 737 2633 480 738 2634 481 1182 2635 482 739 2636 485 741 2637 481 1183 2638 480 742 2639 487 744 2640 485 1184 2641 484 745 2642 489 747 2643 487 1185 2644 486 748 2645 483 750 2646 482 1186 2647 490 751 2648 490 753 2649 489 737 2650 488 754 2651 492 756 2652 493 1187 2653 494 757 2654 497 759 2655 493 1188 2656 492 760 2657 499 762 2658 497 1189 2659 496 763 2660 501 765 2661 499 1190 2662 498 766 2663 495 768 2664 494 1191 2665 502 769 2666 502 771 2667 501 771 2668 500 772 2669 504 773 2670 505 1192 2671 506 774 2672 509 776 2673 505 777 2674 504 776 2675 511 778 2676 509 1193 2677 508 779 2678 513 781 2679 511 1194 2680 510 782 2681 507 784 2682 506 1195 2683 514 785 2684 514 771 2685 513 771 2686 512 772 2687 516 787 2688 517 1196 2689 518 788 2690 521 790 2691 517 1197 2692 516 791 2693 523 793 2694 521 1198 2695 520 794 2696 525 796 2697 523 1199 2698 522 797 2699 519 799 2700 518 1200 2701 526 800 2702 526 802 2703 525 802 2704 524 802 2705 528 803 2706 529 1201 2707 530 804 2708 533 805 2709 529 805 2710 528 806 2711 535 808 2712 533 1202 2713 532 809 2714 537 811 2715 535 1203 2716 534 812 2717 531 814 2718 530 1204 2719 538 815 2720 538 802 2721 537 802 2722 536 802 2723 540 817 2724 541 1205 2725 542 818 2726 545 805 2727 541 805 2728 540 806 2729 547 820 2730 545 1206 2731 544 821 2732 549 823 2733 547 1207 2734 546 824 2735 543 826 2736 542 1208 2737 550 827 2738 550 829 2739 549 1209 2740 548 830 2741 552 831 2742 553 1210 2743 554 832 2744 554 15 2745 556 15 2746 557 15 2747 556 834 2748 558 1211 2749 559 835 2750 558 837 2751 560 1212 2752 561 838 2753 563 15 2754 564 15 2755 565 15 2756 560 10 2757 566 10 2758 567 10 2759 567 840 2760 566 1213 2761 553 841 2762 569 843 2763 563 1214 2764 562 844 2765 564 846 2766 570 1215 2767 571 847 2768 570 849 2769 572 1216 2770 573 850 2771 572 10 2772 574 10 2773 575 10 2774 574 852 2775 569 1217 2776 568 853 2777 577 855 2778 578 1218 2779 579 856 2780 580 858 2781 581 1219 2782 577 859 2783 578 861 2784 582 1220 2785 583 862 2786 582 864 2787 584 1221 2788 585 865 2789 585 867 2790 584 1222 2791 586 868 2792 587 870 2793 586 1223 2794 581 871 2795 589 873 2796 590 1224 2797 591 874 2798 592 876 2799 593 1225 2800 589 877 2801 590 879 2802 594 1226 2803 595 880 2804 594 882 2805 596 1227 2806 597 883 2807 596 869 2808 598 1228 2809 599 885 2810 599 886 2811 598 1229 2812 593 887 2813 601 889 2814 602 1230 2815 603 890 2816 602 892 2817 604 1231 2818 605 893 2819 605 895 2820 604 1232 2821 606 896 2822 607 897 2823 606 1233 2824 608 898 2825 611 900 2826 612 1234 2827 613 901 2828 608 903 2829 614 1235 2830 615 904 2831 614 906 2832 601 1236 2833 600 907 2834 617 909 2835 611 1237 2836 610 910 2837 613 912 2838 612 1238 2839 618 913 2840 619 915 2841 618 1239 2842 620 916 2843 620 918 2844 622 1240 2845 623 919 2846 622 920 2847 617 1241 2848 616 921 2849 625 923 2850 626 1242 2851 627 924 2852 628 926 2853 629 1243 2854 625 927 2855 626 929 2856 630 1244 2857 631 930 2858 630 932 2859 632 1245 2860 633 933 2861 632 935 2862 634 1246 2863 635 936 2864 635 937 2865 634 1247 2866 629 938 2867 636 940 2868 637 1248 2869 638 941 2870 640 943 2871 641 1249 2872 637 944 2873 638 946 2874 642 1250 2875 643 947 2876 642 949 2877 644 1251 2878 645 950 2879 644 952 2880 646 1252 2881 647 953 2882 647 955 2883 646 1253 2884 641 956 2885 649 958 2886 650 1254 2887 651 959 2888 652 961 2889 653 1255 2890 649 962 2891 650 964 2892 654 1256 2893 655 965 2894 654 967 2895 656 1257 2896 657 968 2897 656 970 2898 658 935 2899 659 954 2900 659 971 2901 658 1258 2902 653 972 2903</p>
        </polylist>
      </mesh>
    </geometry>
  </library_geometries>
  <library_controllers/>
  <library_visual_scenes>
    <visual_scene id="Scene" name="Scene">
      <node id="Lamp" name="Lamp" type="NODE">
        <matrix sid="transform">-0.2908646 -0.7711008 0.5663932 4.076245 0.9551712 -0.1998834 0.2183912 1.005454 -0.05518906 0.6045247 0.7946723 5.903862 0 0 0 1</matrix>
        <instance_light url="#Lamp-light"/>
      </node>
      <node id="Cylinder_001" name="Cylinder_001" type="NODE">
        <matrix sid="transform">1 0 0 0 0 -1.62921e-7 -1 0 0 1 -1.62921e-7 0 0 0 0 1</matrix>
        <instance_geometry url="#Cylinder_001-mesh" name="Cylinder_001">
          <bind_material>
            <technique_common>
              <instance_material symbol="Material_003-material" target="#Material_003-material">
                <bind_vertex_input semantic="UVMap" input_semantic="TEXCOORD" input_set="0"/>
              </instance_material>
              <instance_material symbol="Material_004-material" target="#Material_004-material">
                <bind_vertex_input semantic="UVMap" input_semantic="TEXCOORD" input_set="0"/>
              </instance_material>
            </technique_common>
          </bind_material>
        </instance_geometry>
      </node>
    </visual_scene>
  </library_visual_scenes>
  <scene>
    <instance_visual_scene url="#Scene"/>
  </scene>
</COLLADA>